testModel4;SL_SOS1;0;{'interdiction': {('N01', 'N02'): 0, ('N02', 'exit01'): 0, ('entry01', 'N01'): 0, ('entry01', 'exit01'): 0}, 'objVal': 29.336668177254676, 'Runtime': 0.007277011871337891}
testModel4;SL_SOS1;1;{'interdiction': {('N01', 'N02'): 0, ('N02', 'exit01'): 0, ('entry01', 'N01'): 0, ('entry01', 'exit01'): 1}, 'objVal': 82.33416738096349, 'Runtime': 0.0282289981842041}
testModel4;SL_SOS1;2;{'interdiction': {('N01', 'N02'): 0, ('N02', 'exit01'): 0, ('entry01', 'N01'): 0, ('entry01', 'exit01'): 1}, 'objVal': 82.33416738096358, 'Runtime': 0.05570387840270996}
testModel4;SL_SOS1;3;{'interdiction': {('N01', 'N02'): 0, ('N02', 'exit01'): 0, ('entry01', 'N01'): 0, ('entry01', 'exit01'): 1}, 'objVal': 82.33416704431366, 'Runtime': 0.049736976623535156}
testModel4;SL_SOS1;4;{'interdiction': {('N01', 'N02'): 0, ('N02', 'exit01'): 0, ('entry01', 'N01'): 0, ('entry01', 'exit01'): 1}, 'objVal': 82.33416704431366, 'Runtime': 0.05352783203125}
testModel4;SL_SOS1;5;{'interdiction': {('N01', 'N02'): 0, ('N02', 'exit01'): 0, ('entry01', 'N01'): 0, ('entry01', 'exit01'): 1}, 'objVal': 82.33416704431366, 'Runtime': 0.03512096405029297}
GasLib-11;SL_SOS1;0;{'interdiction': {('entry01', 'entry03'): 0, ('N01', 'N02'): 0, ('entry02', 'N03'): 0, ('N02', 'exit01'): 0, ('N02', 'N04'): 0, ('N03', 'N04'): 0, ('N05', 'exit02'): 0, ('N05', 'exit03'): 0, ('entry03', 'N01'): 0, ('N04', 'N05'): 0, ('N01', 'N03'): 0}, 'objVal': 26.116539617687472, 'Runtime': 0.03490495681762695}
GasLib-11;SL_SOS1;1;{'interdiction': {('entry01', 'entry03'): 0, ('N01', 'N02'): 0, ('entry02', 'N03'): 0, ('N02', 'exit01'): 0, ('N02', 'N04'): 0, ('N03', 'N04'): 1, ('N05', 'exit02'): 0, ('N05', 'exit03'): 0, ('entry03', 'N01'): 0, ('N04', 'N05'): 0, ('N01', 'N03'): 0}, 'objVal': 40.19183880595705, 'Runtime': 0.2101738452911377}
GasLib-11;SL_SOS1;2;{'interdiction': {('entry01', 'entry03'): 0, ('N01', 'N02'): 0, ('entry02', 'N03'): 0, ('N02', 'exit01'): 0, ('N02', 'N04'): 0, ('N03', 'N04'): 1, ('N05', 'exit02'): 0, ('N05', 'exit03'): 0, ('entry03', 'N01'): 0, ('N04', 'N05'): 0, ('N01', 'N03'): 0}, 'objVal': 40.19183880595706, 'Runtime': 0.09976005554199219}
GasLib-11;SL_SOS1;3;{'interdiction': {('entry01', 'entry03'): 0, ('N01', 'N02'): 0, ('entry02', 'N03'): 0, ('N02', 'exit01'): 0, ('N02', 'N04'): 0, ('N03', 'N04'): 1, ('N05', 'exit02'): 0, ('N05', 'exit03'): 0, ('entry03', 'N01'): 0, ('N04', 'N05'): 0, ('N01', 'N03'): 0}, 'objVal': 40.19183880595705, 'Runtime': 0.10894107818603516}
GasLib-11;SL_SOS1;4;{'interdiction': {('entry01', 'entry03'): 0, ('N01', 'N02'): 0, ('entry02', 'N03'): 0, ('N02', 'exit01'): 0, ('N02', 'N04'): 0, ('N03', 'N04'): 1, ('N05', 'exit02'): 0, ('N05', 'exit03'): 0, ('entry03', 'N01'): 0, ('N04', 'N05'): 0, ('N01', 'N03'): 0}, 'objVal': 40.19183880595705, 'Runtime': 0.25267505645751953}
GasLib-11;SL_SOS1;5;{'interdiction': {('entry01', 'entry03'): 0, ('N01', 'N02'): 0, ('entry02', 'N03'): 0, ('N02', 'exit01'): 0, ('N02', 'N04'): 0, ('N03', 'N04'): 1, ('N05', 'exit02'): 0, ('N05', 'exit03'): 0, ('entry03', 'N01'): 0, ('N04', 'N05'): 0, ('N01', 'N03'): 0}, 'objVal': 40.19183880595705, 'Runtime': 0.20688605308532715}
GasLib-40;SL_SOS1;0;{'interdiction': {('source_1', 'sink_3'): 0, ('innode_1', 'sink_16'): 0, ('innode_6', 'sink_13'): 0, ('sink_13', 'sink_14'): 0, ('sink_14', 'sink_10'): 0, ('sink_25', 'sink_26'): 0, ('sink_26', 'sink_9'): 0, ('sink_9', 'sink_18'): 0, ('sink_26', 'sink_4'): 0, ('sink_4', 'sink_20'): 0, ('sink_18', 'sink_6'): 0, ('sink_25', 'innode_8'): 0, ('sink_6', 'sink_7'): 0, ('sink_6', 'sink_22'): 0, ('sink_7', 'sink_24'): 0, ('sink_22', 'sink_1'): 0, ('sink_24', 'sink_21'): 0, ('sink_21', 'sink_12'): 0, ('sink_7', 'sink_5'): 0, ('sink_5', 'sink_17'): 0, ('sink_17', 'sink_4'): 0, ('sink_17', 'sink_8'): 0, ('sink_3', 'sink_23'): 0, ('sink_8', 'sink_20'): 0, ('sink_25', 'sink_20'): 0, ('sink_25', 'sink_15'): 0, ('sink_15', 'sink_29'): 0, ('sink_29', 'sink_28'): 0, ('sink_29', 'sink_2'): 0, ('sink_2', 'sink_15'): 0, ('sink_29', 'innode_7'): 0, ('innode_4', 'sink_19'): 0, ('sink_19', 'innode_3'): 0, ('innode_4', 'innode_5'): 0, ('sink_27', 'innode_5'): 0, ('sink_27', 'sink_19'): 0, ('sink_10', 'sink_11'): 0, ('sink_10', 'innode_2'): 0, ('sink_10', 'innode_3'): 0, ('innode_6', 'sink_25'): 0, ('sink_11', 'innode_1'): 0, ('sink_19', 'innode_2'): 0, ('source_3', 'innode_4'): 0, ('source_2', 'innode_7'): 0, ('sink_3', 'innode_8'): 0}, 'objVal': 9.931052781254715, 'Runtime': 0.43023109436035156}
GasLib-40;SL_SOS1;1;{'interdiction': {('source_1', 'sink_3'): 0, ('innode_1', 'sink_16'): 0, ('innode_6', 'sink_13'): 0, ('sink_13', 'sink_14'): 0, ('sink_14', 'sink_10'): 0, ('sink_25', 'sink_26'): 0, ('sink_26', 'sink_9'): 1, ('sink_9', 'sink_18'): 0, ('sink_26', 'sink_4'): 0, ('sink_4', 'sink_20'): 0, ('sink_18', 'sink_6'): 0, ('sink_25', 'innode_8'): 0, ('sink_6', 'sink_7'): 0, ('sink_6', 'sink_22'): 0, ('sink_7', 'sink_24'): 0, ('sink_22', 'sink_1'): 0, ('sink_24', 'sink_21'): 0, ('sink_21', 'sink_12'): 0, ('sink_7', 'sink_5'): 0, ('sink_5', 'sink_17'): 0, ('sink_17', 'sink_4'): 0, ('sink_17', 'sink_8'): 0, ('sink_3', 'sink_23'): 0, ('sink_8', 'sink_20'): 0, ('sink_25', 'sink_20'): 0, ('sink_25', 'sink_15'): 0, ('sink_15', 'sink_29'): 0, ('sink_29', 'sink_28'): 0, ('sink_29', 'sink_2'): 0, ('sink_2', 'sink_15'): 0, ('sink_29', 'innode_7'): 0, ('innode_4', 'sink_19'): 0, ('sink_19', 'innode_3'): 0, ('innode_4', 'innode_5'): 0, ('sink_27', 'innode_5'): 0, ('sink_27', 'sink_19'): 0, ('sink_10', 'sink_11'): 0, ('sink_10', 'innode_2'): 0, ('sink_10', 'innode_3'): 0, ('innode_6', 'sink_25'): 0, ('sink_11', 'innode_1'): 0, ('sink_19', 'innode_2'): 0, ('source_3', 'innode_4'): 0, ('source_2', 'innode_7'): 0, ('sink_3', 'innode_8'): 0}, 'objVal': 52.106289506770786, 'Runtime': 163.9809980392456}
GasLib-40;SL_SOS1;2;{'interdiction': {('source_1', 'sink_3'): 0, ('innode_1', 'sink_16'): 0, ('innode_6', 'sink_13'): 0, ('sink_13', 'sink_14'): 0, ('sink_14', 'sink_10'): 0, ('sink_25', 'sink_26'): 1, ('sink_26', 'sink_9'): 0, ('sink_9', 'sink_18'): 0, ('sink_26', 'sink_4'): 1, ('sink_4', 'sink_20'): 0, ('sink_18', 'sink_6'): 0, ('sink_25', 'innode_8'): 0, ('sink_6', 'sink_7'): 0, ('sink_6', 'sink_22'): 0, ('sink_7', 'sink_24'): 0, ('sink_22', 'sink_1'): 0, ('sink_24', 'sink_21'): 0, ('sink_21', 'sink_12'): 0, ('sink_7', 'sink_5'): 0, ('sink_5', 'sink_17'): 0, ('sink_17', 'sink_4'): 0, ('sink_17', 'sink_8'): 0, ('sink_3', 'sink_23'): 0, ('sink_8', 'sink_20'): 0, ('sink_25', 'sink_20'): 0, ('sink_25', 'sink_15'): 0, ('sink_15', 'sink_29'): 0, ('sink_29', 'sink_28'): 0, ('sink_29', 'sink_2'): 0, ('sink_2', 'sink_15'): 0, ('sink_29', 'innode_7'): 0, ('innode_4', 'sink_19'): 0, ('sink_19', 'innode_3'): 0, ('innode_4', 'innode_5'): 0, ('sink_27', 'innode_5'): 0, ('sink_27', 'sink_19'): 0, ('sink_10', 'sink_11'): 0, ('sink_10', 'innode_2'): 0, ('sink_10', 'innode_3'): 0, ('innode_6', 'sink_25'): 0, ('sink_11', 'innode_1'): 0, ('sink_19', 'innode_2'): 0, ('source_3', 'innode_4'): 0, ('source_2', 'innode_7'): 0, ('sink_3', 'innode_8'): 0}, 'objVal': 99.21505392501722, 'Runtime': 2782.7458279132843}
GasLib-40;SL_SOS1;3;None

testModel4;Enum_Approach;0;{'interdiction': {('N01', 'N02'): 0, ('N02', 'exit01'): 0, ('entry01', 'N01'): 0, ('entry01', 'exit01'): 0}, 'objVal': 29.336668177254655, 'Runtime': 0.001399993896484375}//1.3949422836303711
testModel4;Enum_Approach;1;{'interdiction': {('N01', 'N02'): 0, ('N02', 'exit01'): 0, ('entry01', 'N01'): 0, ('entry01', 'exit01'): 1}, 'objVal': 82.33416704431366, 'Runtime': 0.0014030933380126953}//1.5059485435485840
testModel4;Enum_Approach;2;{'interdiction': {('N01', 'N02'): 0, ('N02', 'exit01'): 0, ('entry01', 'N01'): 0, ('entry01', 'exit01'): 1}, 'objVal': 82.33416704431366, 'Runtime': 0.0008831024169921875}//1.5051343441009521
testModel4;Enum_Approach;3;{'interdiction': {('N01', 'N02'): 0, ('N02', 'exit01'): 0, ('entry01', 'N01'): 0, ('entry01', 'exit01'): 1}, 'objVal': 82.33416704431366, 'Runtime': 0.0008900165557861328}//1.4523253440856934
testModel4;Enum_Approach;4;{'interdiction': {('N01', 'N02'): 0, ('N02', 'exit01'): 0, ('entry01', 'N01'): 0, ('entry01', 'exit01'): 1}, 'objVal': 82.33416704431366, 'Runtime': 0.0008540153503417969}//1.4527933597564697
testModel4;Enum_Approach;5;{'interdiction': {('N01', 'N02'): 0, ('N02', 'exit01'): 0, ('entry01', 'N01'): 0, ('entry01', 'exit01'): 1}, 'objVal': 82.33416704431366, 'Runtime': 0.0008728504180908203}//1.4964227676391602
GasLib-11;Enum_Approach;0;{'interdiction': {('entry01', 'entry03'): 0, ('N01', 'N02'): 0, ('entry02', 'N03'): 0, ('N02', 'exit01'): 0, ('N02', 'N04'): 0, ('N03', 'N04'): 0, ('N05', 'exit02'): 0, ('N05', 'exit03'): 0, ('entry03', 'N01'): 0, ('N04', 'N05'): 0, ('N01', 'N03'): 0}, 'objVal': 26.116539617687486, 'Runtime': 0.002418994903564453}//1.9619438648223877
GasLib-11;Enum_Approach;1;{'interdiction': {('entry01', 'entry03'): 0, ('N01', 'N02'): 0, ('entry02', 'N03'): 0, ('N02', 'exit01'): 0, ('N02', 'N04'): 0, ('N03', 'N04'): 1, ('N05', 'exit02'): 0, ('N05', 'exit03'): 0, ('entry03', 'N01'): 0, ('N04', 'N05'): 0, ('N01', 'N03'): 0}, 'objVal': 40.19183880595707, 'Runtime': 0.0020837783813476562}//1.6745462417602539
GasLib-11;Enum_Approach;2;{'interdiction': {('entry01', 'entry03'): 0, ('N01', 'N02'): 0, ('entry02', 'N03'): 0, ('N02', 'exit01'): 0, ('N02', 'N04'): 0, ('N03', 'N04'): 1, ('N05', 'exit02'): 0, ('N05', 'exit03'): 0, ('entry03', 'N01'): 0, ('N04', 'N05'): 0, ('N01', 'N03'): 0}, 'objVal': 40.19183880595707, 'Runtime': 0.0013279914855957031}//1.8228945732116699
GasLib-11;Enum_Approach;3;{'interdiction': {('entry01', 'entry03'): 0, ('N01', 'N02'): 0, ('entry02', 'N03'): 0, ('N02', 'exit01'): 0, ('N02', 'N04'): 0, ('N03', 'N04'): 1, ('N05', 'exit02'): 0, ('N05', 'exit03'): 0, ('entry03', 'N01'): 0, ('N04', 'N05'): 0, ('N01', 'N03'): 0}, 'objVal': 40.19183880595707, 'Runtime': 0.0014910697937011719}//2.2261621952056885
GasLib-11;Enum_Approach;4;{'interdiction': {('entry01', 'entry03'): 0, ('N01', 'N02'): 0, ('entry02', 'N03'): 0, ('N02', 'exit01'): 0, ('N02', 'N04'): 0, ('N03', 'N04'): 1, ('N05', 'exit02'): 0, ('N05', 'exit03'): 0, ('entry03', 'N01'): 0, ('N04', 'N05'): 0, ('N01', 'N03'): 0}, 'objVal': 40.19183880595707, 'Runtime': 0.0012500286102294922}//3.0299284458160400
GasLib-11;Enum_Approach;5;{'interdiction': {('entry01', 'entry03'): 0, ('N01', 'N02'): 0, ('entry02', 'N03'): 0, ('N02', 'exit01'): 0, ('N02', 'N04'): 0, ('N03', 'N04'): 1, ('N05', 'exit02'): 0, ('N05', 'exit03'): 0, ('entry03', 'N01'): 0, ('N04', 'N05'): 0, ('N01', 'N03'): 0}, 'objVal': 40.19183880595707, 'Runtime': 0.0011358261108398438}//4.0505995750427246
GasLib-40;Enum_Approach;0;{'interdiction': {('source_1', 'sink_3'): 0, ('innode_1', 'sink_16'): 0, ('innode_6', 'sink_13'): 0, ('sink_13', 'sink_14'): 0, ('sink_14', 'sink_10'): 0, ('sink_25', 'sink_26'): 0, ('sink_26', 'sink_9'): 0, ('sink_9', 'sink_18'): 0, ('sink_26', 'sink_4'): 0, ('sink_4', 'sink_20'): 0, ('sink_18', 'sink_6'): 0, ('sink_25', 'innode_8'): 0, ('sink_6', 'sink_7'): 0, ('sink_6', 'sink_22'): 0, ('sink_7', 'sink_24'): 0, ('sink_22', 'sink_1'): 0, ('sink_24', 'sink_21'): 0, ('sink_21', 'sink_12'): 0, ('sink_7', 'sink_5'): 0, ('sink_5', 'sink_17'): 0, ('sink_17', 'sink_4'): 0, ('sink_17', 'sink_8'): 0, ('sink_3', 'sink_23'): 0, ('sink_8', 'sink_20'): 0, ('sink_25', 'sink_20'): 0, ('sink_25', 'sink_15'): 0, ('sink_15', 'sink_29'): 0, ('sink_29', 'sink_28'): 0, ('sink_29', 'sink_2'): 0, ('sink_2', 'sink_15'): 0, ('sink_29', 'innode_7'): 0, ('innode_4', 'sink_19'): 0, ('sink_19', 'innode_3'): 0, ('innode_4', 'innode_5'): 0, ('sink_27', 'innode_5'): 0, ('sink_27', 'sink_19'): 0, ('sink_10', 'sink_11'): 0, ('sink_10', 'innode_2'): 0, ('sink_10', 'innode_3'): 0, ('innode_6', 'sink_25'): 0, ('sink_11', 'innode_1'): 0, ('sink_19', 'innode_2'): 0, ('source_3', 'innode_4'): 0, ('source_2', 'innode_7'): 0, ('sink_3', 'innode_8'): 0}, 'objVal': 9.931052781254753, 'Runtime': 0.0031960010528564453}//1.8769307136535645
GasLib-40;Enum_Approach;1;{'interdiction': {('source_1', 'sink_3'): 0, ('innode_1', 'sink_16'): 0, ('innode_6', 'sink_13'): 0, ('sink_13', 'sink_14'): 0, ('sink_14', 'sink_10'): 0, ('sink_25', 'sink_26'): 0, ('sink_26', 'sink_9'): 1, ('sink_9', 'sink_18'): 0, ('sink_26', 'sink_4'): 0, ('sink_4', 'sink_20'): 0, ('sink_18', 'sink_6'): 0, ('sink_25', 'innode_8'): 0, ('sink_6', 'sink_7'): 0, ('sink_6', 'sink_22'): 0, ('sink_7', 'sink_24'): 0, ('sink_22', 'sink_1'): 0, ('sink_24', 'sink_21'): 0, ('sink_21', 'sink_12'): 0, ('sink_7', 'sink_5'): 0, ('sink_5', 'sink_17'): 0, ('sink_17', 'sink_4'): 0, ('sink_17', 'sink_8'): 0, ('sink_3', 'sink_23'): 0, ('sink_8', 'sink_20'): 0, ('sink_25', 'sink_20'): 0, ('sink_25', 'sink_15'): 0, ('sink_15', 'sink_29'): 0, ('sink_29', 'sink_28'): 0, ('sink_29', 'sink_2'): 0, ('sink_2', 'sink_15'): 0, ('sink_29', 'innode_7'): 0, ('innode_4', 'sink_19'): 0, ('sink_19', 'innode_3'): 0, ('innode_4', 'innode_5'): 0, ('sink_27', 'innode_5'): 0, ('sink_27', 'sink_19'): 0, ('sink_10', 'sink_11'): 0, ('sink_10', 'innode_2'): 0, ('sink_10', 'innode_3'): 0, ('innode_6', 'sink_25'): 0, ('sink_11', 'innode_1'): 0, ('sink_19', 'innode_2'): 0, ('source_3', 'innode_4'): 0, ('source_2', 'innode_7'): 0, ('sink_3', 'innode_8'): 0}, 'objVal': 52.10628950677305, 'Runtime': 0.002051830291748047}//2.2152025699615479
GasLib-40;Enum_Approach;2;{'interdiction': {('source_1', 'sink_3'): 0, ('innode_1', 'sink_16'): 0, ('innode_6', 'sink_13'): 0, ('sink_13', 'sink_14'): 0, ('sink_14', 'sink_10'): 0, ('sink_25', 'sink_26'): 1, ('sink_26', 'sink_9'): 0, ('sink_9', 'sink_18'): 0, ('sink_26', 'sink_4'): 1, ('sink_4', 'sink_20'): 0, ('sink_18', 'sink_6'): 0, ('sink_25', 'innode_8'): 0, ('sink_6', 'sink_7'): 0, ('sink_6', 'sink_22'): 0, ('sink_7', 'sink_24'): 0, ('sink_22', 'sink_1'): 0, ('sink_24', 'sink_21'): 0, ('sink_21', 'sink_12'): 0, ('sink_7', 'sink_5'): 0, ('sink_5', 'sink_17'): 0, ('sink_17', 'sink_4'): 0, ('sink_17', 'sink_8'): 0, ('sink_3', 'sink_23'): 0, ('sink_8', 'sink_20'): 0, ('sink_25', 'sink_20'): 0, ('sink_25', 'sink_15'): 0, ('sink_15', 'sink_29'): 0, ('sink_29', 'sink_28'): 0, ('sink_29', 'sink_2'): 0, ('sink_2', 'sink_15'): 0, ('sink_29', 'innode_7'): 0, ('innode_4', 'sink_19'): 0, ('sink_19', 'innode_3'): 0, ('innode_4', 'innode_5'): 0, ('sink_27', 'innode_5'): 0, ('sink_27', 'sink_19'): 0, ('sink_10', 'sink_11'): 0, ('sink_10', 'innode_2'): 0, ('sink_10', 'innode_3'): 0, ('innode_6', 'sink_25'): 0, ('sink_11', 'innode_1'): 0, ('sink_19', 'innode_2'): 0, ('source_3', 'innode_4'): 0, ('source_2', 'innode_7'): 0, ('sink_3', 'innode_8'): 0}, 'objVal': 99.21490237332074, 'Runtime': 0.0022459030151367188}//13.9112250804901123
GasLib-40;Enum_Approach;3;{'interdiction': {('source_1', 'sink_3'): 0, ('innode_1', 'sink_16'): 0, ('innode_6', 'sink_13'): 0, ('sink_13', 'sink_14'): 0, ('sink_14', 'sink_10'): 0, ('sink_25', 'sink_26'): 1, ('sink_26', 'sink_9'): 0, ('sink_9', 'sink_18'): 0, ('sink_26', 'sink_4'): 0, ('sink_4', 'sink_20'): 1, ('sink_18', 'sink_6'): 0, ('sink_25', 'innode_8'): 0, ('sink_6', 'sink_7'): 0, ('sink_6', 'sink_22'): 0, ('sink_7', 'sink_24'): 0, ('sink_22', 'sink_1'): 0, ('sink_24', 'sink_21'): 0, ('sink_21', 'sink_12'): 0, ('sink_7', 'sink_5'): 0, ('sink_5', 'sink_17'): 0, ('sink_17', 'sink_4'): 1, ('sink_17', 'sink_8'): 0, ('sink_3', 'sink_23'): 0, ('sink_8', 'sink_20'): 0, ('sink_25', 'sink_20'): 0, ('sink_25', 'sink_15'): 0, ('sink_15', 'sink_29'): 0, ('sink_29', 'sink_28'): 0, ('sink_29', 'sink_2'): 0, ('sink_2', 'sink_15'): 0, ('sink_29', 'innode_7'): 0, ('innode_4', 'sink_19'): 0, ('sink_19', 'innode_3'): 0, ('innode_4', 'innode_5'): 0, ('sink_27', 'innode_5'): 0, ('sink_27', 'sink_19'): 0, ('sink_10', 'sink_11'): 0, ('sink_10', 'innode_2'): 0, ('sink_10', 'innode_3'): 0, ('innode_6', 'sink_25'): 0, ('sink_11', 'innode_1'): 0, ('sink_19', 'innode_2'): 0, ('source_3', 'innode_4'): 0, ('source_2', 'innode_7'): 0, ('sink_3', 'innode_8'): 0}, 'objVal': 116.57508613504588, 'Runtime': 0.0022029876708984375}//113.6721560955047607
GasLib-40;Enum_Approach;4;{'interdiction': {('source_1', 'sink_3'): 0, ('innode_1', 'sink_16'): 0, ('innode_6', 'sink_13'): 0, ('sink_13', 'sink_14'): 0, ('sink_14', 'sink_10'): 0, ('sink_25', 'sink_26'): 1, ('sink_26', 'sink_9'): 0, ('sink_9', 'sink_18'): 0, ('sink_26', 'sink_4'): 0, ('sink_4', 'sink_20'): 1, ('sink_18', 'sink_6'): 0, ('sink_25', 'innode_8'): 0, ('sink_6', 'sink_7'): 0, ('sink_6', 'sink_22'): 0, ('sink_7', 'sink_24'): 0, ('sink_22', 'sink_1'): 0, ('sink_24', 'sink_21'): 0, ('sink_21', 'sink_12'): 0, ('sink_7', 'sink_5'): 0, ('sink_5', 'sink_17'): 0, ('sink_17', 'sink_4'): 1, ('sink_17', 'sink_8'): 0, ('sink_3', 'sink_23'): 0, ('sink_8', 'sink_20'): 0, ('sink_25', 'sink_20'): 0, ('sink_25', 'sink_15'): 0, ('sink_15', 'sink_29'): 0, ('sink_29', 'sink_28'): 0, ('sink_29', 'sink_2'): 1, ('sink_2', 'sink_15'): 0, ('sink_29', 'innode_7'): 0, ('innode_4', 'sink_19'): 0, ('sink_19', 'innode_3'): 0, ('innode_4', 'innode_5'): 0, ('sink_27', 'innode_5'): 0, ('sink_27', 'sink_19'): 0, ('sink_10', 'sink_11'): 0, ('sink_10', 'innode_2'): 0, ('sink_10', 'innode_3'): 0, ('innode_6', 'sink_25'): 0, ('sink_11', 'innode_1'): 0, ('sink_19', 'innode_2'): 0, ('source_3', 'innode_4'): 0, ('source_2', 'innode_7'): 0, ('sink_3', 'innode_8'): 0}, 'objVal': 117.040215967346, 'Runtime': 0.0022470951080322266}//920.7989091873168945
GasLib-40;Enum_Approach;5;None//3602.0224876403808594

GasLib-40,homogen-northEast-randomExits;SL_SOS1;0;{'interdiction': {('source_1', 'sink_3'): 0, ('innode_1', 'sink_16'): 0, ('innode_6', 'sink_13'): 0, ('sink_13', 'sink_14'): 0, ('sink_14', 'sink_10'): 0, ('sink_25', 'sink_26'): 0, ('sink_26', 'sink_9'): 0, ('sink_9', 'sink_18'): 0, ('sink_26', 'sink_4'): 0, ('sink_4', 'sink_20'): 0, ('sink_18', 'sink_6'): 0, ('sink_25', 'innode_8'): 0, ('sink_6', 'sink_7'): 0, ('sink_6', 'sink_22'): 0, ('sink_7', 'sink_24'): 0, ('sink_22', 'sink_1'): 0, ('sink_24', 'sink_21'): 0, ('sink_21', 'sink_12'): 0, ('sink_7', 'sink_5'): 0, ('sink_5', 'sink_17'): 0, ('sink_17', 'sink_4'): 0, ('sink_17', 'sink_8'): 0, ('sink_3', 'sink_23'): 0, ('sink_8', 'sink_20'): 0, ('sink_25', 'sink_20'): 0, ('sink_25', 'sink_15'): 0, ('sink_15', 'sink_29'): 0, ('sink_29', 'sink_28'): 0, ('sink_29', 'sink_2'): 0, ('sink_2', 'sink_15'): 0, ('sink_29', 'innode_7'): 0, ('innode_4', 'sink_19'): 0, ('sink_19', 'innode_3'): 0, ('innode_4', 'innode_5'): 0, ('sink_27', 'innode_5'): 0, ('sink_27', 'sink_19'): 0, ('sink_10', 'sink_11'): 0, ('sink_10', 'innode_2'): 0, ('sink_10', 'innode_3'): 0, ('innode_6', 'sink_25'): 0, ('sink_11', 'innode_1'): 0, ('sink_19', 'innode_2'): 0, ('source_3', 'innode_4'): 0, ('source_2', 'innode_7'): 0, ('sink_3', 'innode_8'): 0}, 'objVal': 0.0, 'Runtime': 1.5409889221191406}
GasLib-40,homogen-northEast-randomExits;Enum_Approach;0;{'interdiction': {('source_1', 'sink_3'): 0, ('innode_1', 'sink_16'): 0, ('innode_6', 'sink_13'): 0, ('sink_13', 'sink_14'): 0, ('sink_14', 'sink_10'): 0, ('sink_25', 'sink_26'): 0, ('sink_26', 'sink_9'): 0, ('sink_9', 'sink_18'): 0, ('sink_26', 'sink_4'): 0, ('sink_4', 'sink_20'): 0, ('sink_18', 'sink_6'): 0, ('sink_25', 'innode_8'): 0, ('sink_6', 'sink_7'): 0, ('sink_6', 'sink_22'): 0, ('sink_7', 'sink_24'): 0, ('sink_22', 'sink_1'): 0, ('sink_24', 'sink_21'): 0, ('sink_21', 'sink_12'): 0, ('sink_7', 'sink_5'): 0, ('sink_5', 'sink_17'): 0, ('sink_17', 'sink_4'): 0, ('sink_17', 'sink_8'): 0, ('sink_3', 'sink_23'): 0, ('sink_8', 'sink_20'): 0, ('sink_25', 'sink_20'): 0, ('sink_25', 'sink_15'): 0, ('sink_15', 'sink_29'): 0, ('sink_29', 'sink_28'): 0, ('sink_29', 'sink_2'): 0, ('sink_2', 'sink_15'): 0, ('sink_29', 'innode_7'): 0, ('innode_4', 'sink_19'): 0, ('sink_19', 'innode_3'): 0, ('innode_4', 'innode_5'): 0, ('sink_27', 'innode_5'): 0, ('sink_27', 'sink_19'): 0, ('sink_10', 'sink_11'): 0, ('sink_10', 'innode_2'): 0, ('sink_10', 'innode_3'): 0, ('innode_6', 'sink_25'): 0, ('sink_11', 'innode_1'): 0, ('sink_19', 'innode_2'): 0, ('source_3', 'innode_4'): 0, ('source_2', 'innode_7'): 0, ('sink_3', 'innode_8'): 0}, 'objVal': 0.0, 'Runtime': 0.0033788681030273438}//1.6685135364532471
GasLib-40,homogen-northEast-randomExits;Enum_Approach;1;{'interdiction': {('source_1', 'sink_3'): 0, ('innode_1', 'sink_16'): 0, ('innode_6', 'sink_13'): 0, ('sink_13', 'sink_14'): 0, ('sink_14', 'sink_10'): 0, ('sink_25', 'sink_26'): 1, ('sink_26', 'sink_9'): 0, ('sink_9', 'sink_18'): 0, ('sink_26', 'sink_4'): 0, ('sink_4', 'sink_20'): 0, ('sink_18', 'sink_6'): 0, ('sink_25', 'innode_8'): 0, ('sink_6', 'sink_7'): 0, ('sink_6', 'sink_22'): 0, ('sink_7', 'sink_24'): 0, ('sink_22', 'sink_1'): 0, ('sink_24', 'sink_21'): 0, ('sink_21', 'sink_12'): 0, ('sink_7', 'sink_5'): 0, ('sink_5', 'sink_17'): 0, ('sink_17', 'sink_4'): 0, ('sink_17', 'sink_8'): 0, ('sink_3', 'sink_23'): 0, ('sink_8', 'sink_20'): 0, ('sink_25', 'sink_20'): 0, ('sink_25', 'sink_15'): 0, ('sink_15', 'sink_29'): 0, ('sink_29', 'sink_28'): 0, ('sink_29', 'sink_2'): 0, ('sink_2', 'sink_15'): 0, ('sink_29', 'innode_7'): 0, ('innode_4', 'sink_19'): 0, ('sink_19', 'innode_3'): 0, ('innode_4', 'innode_5'): 0, ('sink_27', 'innode_5'): 0, ('sink_27', 'sink_19'): 0, ('sink_10', 'sink_11'): 0, ('sink_10', 'innode_2'): 0, ('sink_10', 'innode_3'): 0, ('innode_6', 'sink_25'): 0, ('sink_11', 'innode_1'): 0, ('sink_19', 'innode_2'): 0, ('source_3', 'innode_4'): 0, ('source_2', 'innode_7'): 0, ('sink_3', 'innode_8'): 0}, 'objVal': 90.26278799782474, 'Runtime': 0.0036690235137939453}//2.8355340957641602
GasLib-40,homogen-northEast-randomExits;Enum_Approach;2;{'interdiction': {('source_1', 'sink_3'): 0, ('innode_1', 'sink_16'): 0, ('innode_6', 'sink_13'): 0, ('sink_13', 'sink_14'): 0, ('sink_14', 'sink_10'): 0, ('sink_25', 'sink_26'): 1, ('sink_26', 'sink_9'): 0, ('sink_9', 'sink_18'): 0, ('sink_26', 'sink_4'): 1, ('sink_4', 'sink_20'): 0, ('sink_18', 'sink_6'): 0, ('sink_25', 'innode_8'): 0, ('sink_6', 'sink_7'): 0, ('sink_6', 'sink_22'): 0, ('sink_7', 'sink_24'): 0, ('sink_22', 'sink_1'): 0, ('sink_24', 'sink_21'): 0, ('sink_21', 'sink_12'): 0, ('sink_7', 'sink_5'): 0, ('sink_5', 'sink_17'): 0, ('sink_17', 'sink_4'): 0, ('sink_17', 'sink_8'): 0, ('sink_3', 'sink_23'): 0, ('sink_8', 'sink_20'): 0, ('sink_25', 'sink_20'): 0, ('sink_25', 'sink_15'): 0, ('sink_15', 'sink_29'): 0, ('sink_29', 'sink_28'): 0, ('sink_29', 'sink_2'): 0, ('sink_2', 'sink_15'): 0, ('sink_29', 'innode_7'): 0, ('innode_4', 'sink_19'): 0, ('sink_19', 'innode_3'): 0, ('innode_4', 'innode_5'): 0, ('sink_27', 'innode_5'): 0, ('sink_27', 'sink_19'): 0, ('sink_10', 'sink_11'): 0, ('sink_10', 'innode_2'): 0, ('sink_10', 'innode_3'): 0, ('innode_6', 'sink_25'): 0, ('sink_11', 'innode_1'): 0, ('sink_19', 'innode_2'): 0, ('source_3', 'innode_4'): 0, ('source_2', 'innode_7'): 0, ('sink_3', 'innode_8'): 0}, 'objVal': 122.16663520307914, 'Runtime': 0.0025360584259033203}//14.7800617218017578
GasLib-40,homogen-northEast-randomExits;Enum_Approach;3;{'interdiction': {('source_1', 'sink_3'): 0, ('innode_1', 'sink_16'): 0, ('innode_6', 'sink_13'): 0, ('sink_13', 'sink_14'): 0, ('sink_14', 'sink_10'): 0, ('sink_25', 'sink_26'): 1, ('sink_26', 'sink_9'): 0, ('sink_9', 'sink_18'): 0, ('sink_26', 'sink_4'): 0, ('sink_4', 'sink_20'): 1, ('sink_18', 'sink_6'): 0, ('sink_25', 'innode_8'): 0, ('sink_6', 'sink_7'): 0, ('sink_6', 'sink_22'): 0, ('sink_7', 'sink_24'): 0, ('sink_22', 'sink_1'): 0, ('sink_24', 'sink_21'): 0, ('sink_21', 'sink_12'): 0, ('sink_7', 'sink_5'): 0, ('sink_5', 'sink_17'): 0, ('sink_17', 'sink_4'): 1, ('sink_17', 'sink_8'): 0, ('sink_3', 'sink_23'): 0, ('sink_8', 'sink_20'): 0, ('sink_25', 'sink_20'): 0, ('sink_25', 'sink_15'): 0, ('sink_15', 'sink_29'): 0, ('sink_29', 'sink_28'): 0, ('sink_29', 'sink_2'): 0, ('sink_2', 'sink_15'): 0, ('sink_29', 'innode_7'): 0, ('innode_4', 'sink_19'): 0, ('sink_19', 'innode_3'): 0, ('innode_4', 'innode_5'): 0, ('sink_27', 'innode_5'): 0, ('sink_27', 'sink_19'): 0, ('sink_10', 'sink_11'): 0, ('sink_10', 'innode_2'): 0, ('sink_10', 'innode_3'): 0, ('innode_6', 'sink_25'): 0, ('sink_11', 'innode_1'): 0, ('sink_19', 'innode_2'): 0, ('source_3', 'innode_4'): 0, ('source_2', 'innode_7'): 0, ('sink_3', 'innode_8'): 0}, 'objVal': 160.04901128003377, 'Runtime': 0.003579854965209961}//152.4365749359130859
GasLib-40,homogen-northEast;Enum_Approach;0;{'interdiction': {('source_1', 'sink_3'): 0, ('innode_1', 'sink_16'): 0, ('innode_6', 'sink_13'): 0, ('sink_13', 'sink_14'): 0, ('sink_14', 'sink_10'): 0, ('sink_25', 'sink_26'): 0, ('sink_26', 'sink_9'): 0, ('sink_9', 'sink_18'): 0, ('sink_26', 'sink_4'): 0, ('sink_4', 'sink_20'): 0, ('sink_18', 'sink_6'): 0, ('sink_25', 'innode_8'): 0, ('sink_6', 'sink_7'): 0, ('sink_6', 'sink_22'): 0, ('sink_7', 'sink_24'): 0, ('sink_22', 'sink_1'): 0, ('sink_24', 'sink_21'): 0, ('sink_21', 'sink_12'): 0, ('sink_7', 'sink_5'): 0, ('sink_5', 'sink_17'): 0, ('sink_17', 'sink_4'): 0, ('sink_17', 'sink_8'): 0, ('sink_3', 'sink_23'): 0, ('sink_8', 'sink_20'): 0, ('sink_25', 'sink_20'): 0, ('sink_25', 'sink_15'): 0, ('sink_15', 'sink_29'): 0, ('sink_29', 'sink_28'): 0, ('sink_29', 'sink_2'): 0, ('sink_2', 'sink_15'): 0, ('sink_29', 'innode_7'): 0, ('innode_4', 'sink_19'): 0, ('sink_19', 'innode_3'): 0, ('innode_4', 'innode_5'): 0, ('sink_27', 'innode_5'): 0, ('sink_27', 'sink_19'): 0, ('sink_10', 'sink_11'): 0, ('sink_10', 'innode_2'): 0, ('sink_10', 'innode_3'): 0, ('innode_6', 'sink_25'): 0, ('sink_11', 'innode_1'): 0, ('sink_19', 'innode_2'): 0, ('source_3', 'innode_4'): 0, ('source_2', 'innode_7'): 0, ('sink_3', 'innode_8'): 0}, 'objVal': 0.0, 'Runtime': 0.0034019947052001953}//1.8739900588989258
GasLib-40,homogen-northEast;Enum_Approach;1;{'interdiction': {('source_1', 'sink_3'): 0, ('innode_1', 'sink_16'): 0, ('innode_6', 'sink_13'): 0, ('sink_13', 'sink_14'): 0, ('sink_14', 'sink_10'): 0, ('sink_25', 'sink_26'): 1, ('sink_26', 'sink_9'): 0, ('sink_9', 'sink_18'): 0, ('sink_26', 'sink_4'): 0, ('sink_4', 'sink_20'): 0, ('sink_18', 'sink_6'): 0, ('sink_25', 'innode_8'): 0, ('sink_6', 'sink_7'): 0, ('sink_6', 'sink_22'): 0, ('sink_7', 'sink_24'): 0, ('sink_22', 'sink_1'): 0, ('sink_24', 'sink_21'): 0, ('sink_21', 'sink_12'): 0, ('sink_7', 'sink_5'): 0, ('sink_5', 'sink_17'): 0, ('sink_17', 'sink_4'): 0, ('sink_17', 'sink_8'): 0, ('sink_3', 'sink_23'): 0, ('sink_8', 'sink_20'): 0, ('sink_25', 'sink_20'): 0, ('sink_25', 'sink_15'): 0, ('sink_15', 'sink_29'): 0, ('sink_29', 'sink_28'): 0, ('sink_29', 'sink_2'): 0, ('sink_2', 'sink_15'): 0, ('sink_29', 'innode_7'): 0, ('innode_4', 'sink_19'): 0, ('sink_19', 'innode_3'): 0, ('innode_4', 'innode_5'): 0, ('sink_27', 'innode_5'): 0, ('sink_27', 'sink_19'): 0, ('sink_10', 'sink_11'): 0, ('sink_10', 'innode_2'): 0, ('sink_10', 'innode_3'): 0, ('innode_6', 'sink_25'): 0, ('sink_11', 'innode_1'): 0, ('sink_19', 'innode_2'): 0, ('source_3', 'innode_4'): 0, ('source_2', 'innode_7'): 0, ('sink_3', 'innode_8'): 0}, 'objVal': 93.6705452566887, 'Runtime': 0.003139019012451172}//3.2207045555114746
GasLib-40,homogen-northEast;Enum_Approach;2;{'interdiction': {('source_1', 'sink_3'): 0, ('innode_1', 'sink_16'): 0, ('innode_6', 'sink_13'): 0, ('sink_13', 'sink_14'): 0, ('sink_14', 'sink_10'): 0, ('sink_25', 'sink_26'): 1, ('sink_26', 'sink_9'): 0, ('sink_9', 'sink_18'): 0, ('sink_26', 'sink_4'): 1, ('sink_4', 'sink_20'): 0, ('sink_18', 'sink_6'): 0, ('sink_25', 'innode_8'): 0, ('sink_6', 'sink_7'): 0, ('sink_6', 'sink_22'): 0, ('sink_7', 'sink_24'): 0, ('sink_22', 'sink_1'): 0, ('sink_24', 'sink_21'): 0, ('sink_21', 'sink_12'): 0, ('sink_7', 'sink_5'): 0, ('sink_5', 'sink_17'): 0, ('sink_17', 'sink_4'): 0, ('sink_17', 'sink_8'): 0, ('sink_3', 'sink_23'): 0, ('sink_8', 'sink_20'): 0, ('sink_25', 'sink_20'): 0, ('sink_25', 'sink_15'): 0, ('sink_15', 'sink_29'): 0, ('sink_29', 'sink_28'): 0, ('sink_29', 'sink_2'): 0, ('sink_2', 'sink_15'): 0, ('sink_29', 'innode_7'): 0, ('innode_4', 'sink_19'): 0, ('sink_19', 'innode_3'): 0, ('innode_4', 'innode_5'): 0, ('sink_27', 'innode_5'): 0, ('sink_27', 'sink_19'): 0, ('sink_10', 'sink_11'): 0, ('sink_10', 'innode_2'): 0, ('sink_10', 'innode_3'): 0, ('innode_6', 'sink_25'): 0, ('sink_11', 'innode_1'): 0, ('sink_19', 'innode_2'): 0, ('source_3', 'innode_4'): 0, ('source_2', 'innode_7'): 0, ('sink_3', 'innode_8'): 0}, 'objVal': 138.27089376361178, 'Runtime': 0.002665996551513672}//15.5929119586944580
GasLib-40,homogen-northEast;Enum_Approach;3;{'interdiction': {('source_1', 'sink_3'): 0, ('innode_1', 'sink_16'): 0, ('innode_6', 'sink_13'): 0, ('sink_13', 'sink_14'): 0, ('sink_14', 'sink_10'): 0, ('sink_25', 'sink_26'): 1, ('sink_26', 'sink_9'): 0, ('sink_9', 'sink_18'): 0, ('sink_26', 'sink_4'): 0, ('sink_4', 'sink_20'): 1, ('sink_18', 'sink_6'): 0, ('sink_25', 'innode_8'): 0, ('sink_6', 'sink_7'): 0, ('sink_6', 'sink_22'): 0, ('sink_7', 'sink_24'): 0, ('sink_22', 'sink_1'): 0, ('sink_24', 'sink_21'): 0, ('sink_21', 'sink_12'): 0, ('sink_7', 'sink_5'): 0, ('sink_5', 'sink_17'): 0, ('sink_17', 'sink_4'): 1, ('sink_17', 'sink_8'): 0, ('sink_3', 'sink_23'): 0, ('sink_8', 'sink_20'): 0, ('sink_25', 'sink_20'): 0, ('sink_25', 'sink_15'): 0, ('sink_15', 'sink_29'): 0, ('sink_29', 'sink_28'): 0, ('sink_29', 'sink_2'): 0, ('sink_2', 'sink_15'): 0, ('sink_29', 'innode_7'): 0, ('innode_4', 'sink_19'): 0, ('sink_19', 'innode_3'): 0, ('innode_4', 'innode_5'): 0, ('sink_27', 'innode_5'): 0, ('sink_27', 'sink_19'): 0, ('sink_10', 'sink_11'): 0, ('sink_10', 'innode_2'): 0, ('sink_10', 'innode_3'): 0, ('innode_6', 'sink_25'): 0, ('sink_11', 'innode_1'): 0, ('sink_19', 'innode_2'): 0, ('source_3', 'innode_4'): 0, ('source_2', 'innode_7'): 0, ('sink_3', 'innode_8'): 0}, 'objVal': 162.55648531371645, 'Runtime': 0.004289865493774414}//158.5033481121063232
GasLib-40,homogen-northEast;Enum_Approach;0;{'interdiction': {('source_1', 'sink_3'): 0, ('innode_1', 'sink_16'): 0, ('innode_6', 'sink_13'): 0, ('sink_13', 'sink_14'): 0, ('sink_14', 'sink_10'): 0, ('sink_25', 'sink_26'): 0, ('sink_26', 'sink_9'): 0, ('sink_9', 'sink_18'): 0, ('sink_26', 'sink_4'): 0, ('sink_4', 'sink_20'): 0, ('sink_18', 'sink_6'): 0, ('sink_25', 'innode_8'): 0, ('sink_6', 'sink_7'): 0, ('sink_6', 'sink_22'): 0, ('sink_7', 'sink_24'): 0, ('sink_22', 'sink_1'): 0, ('sink_24', 'sink_21'): 0, ('sink_21', 'sink_12'): 0, ('sink_7', 'sink_5'): 0, ('sink_5', 'sink_17'): 0, ('sink_17', 'sink_4'): 0, ('sink_17', 'sink_8'): 0, ('sink_3', 'sink_23'): 0, ('sink_8', 'sink_20'): 0, ('sink_25', 'sink_20'): 0, ('sink_25', 'sink_15'): 0, ('sink_15', 'sink_29'): 0, ('sink_29', 'sink_28'): 0, ('sink_29', 'sink_2'): 0, ('sink_2', 'sink_15'): 0, ('sink_29', 'innode_7'): 0, ('innode_4', 'sink_19'): 0, ('sink_19', 'innode_3'): 0, ('innode_4', 'innode_5'): 0, ('sink_27', 'innode_5'): 0, ('sink_27', 'sink_19'): 0, ('sink_10', 'sink_11'): 0, ('sink_10', 'innode_2'): 0, ('sink_10', 'innode_3'): 0, ('innode_6', 'sink_25'): 0, ('sink_11', 'innode_1'): 0, ('sink_19', 'innode_2'): 0, ('source_3', 'innode_4'): 0, ('source_2', 'innode_7'): 0, ('sink_3', 'innode_8'): 0}, 'objVal': 0.0, 'Runtime': 0.003587007522583008}//2.1465339660644531
GasLib-40,homogen-northEast;Enum_Approach;1;{'interdiction': {('source_1', 'sink_3'): 0, ('innode_1', 'sink_16'): 0, ('innode_6', 'sink_13'): 0, ('sink_13', 'sink_14'): 0, ('sink_14', 'sink_10'): 0, ('sink_25', 'sink_26'): 1, ('sink_26', 'sink_9'): 0, ('sink_9', 'sink_18'): 0, ('sink_26', 'sink_4'): 0, ('sink_4', 'sink_20'): 0, ('sink_18', 'sink_6'): 0, ('sink_25', 'innode_8'): 0, ('sink_6', 'sink_7'): 0, ('sink_6', 'sink_22'): 0, ('sink_7', 'sink_24'): 0, ('sink_22', 'sink_1'): 0, ('sink_24', 'sink_21'): 0, ('sink_21', 'sink_12'): 0, ('sink_7', 'sink_5'): 0, ('sink_5', 'sink_17'): 0, ('sink_17', 'sink_4'): 0, ('sink_17', 'sink_8'): 0, ('sink_3', 'sink_23'): 0, ('sink_8', 'sink_20'): 0, ('sink_25', 'sink_20'): 0, ('sink_25', 'sink_15'): 0, ('sink_15', 'sink_29'): 0, ('sink_29', 'sink_28'): 0, ('sink_29', 'sink_2'): 0, ('sink_2', 'sink_15'): 0, ('sink_29', 'innode_7'): 0, ('innode_4', 'sink_19'): 0, ('sink_19', 'innode_3'): 0, ('innode_4', 'innode_5'): 0, ('sink_27', 'innode_5'): 0, ('sink_27', 'sink_19'): 0, ('sink_10', 'sink_11'): 0, ('sink_10', 'innode_2'): 0, ('sink_10', 'innode_3'): 0, ('innode_6', 'sink_25'): 0, ('sink_11', 'innode_1'): 0, ('sink_19', 'innode_2'): 0, ('source_3', 'innode_4'): 0, ('source_2', 'innode_7'): 0, ('sink_3', 'innode_8'): 0}, 'objVal': 93.6705452566887, 'Runtime': 0.0052149295806884766}//3.5708096027374268
GasLib-40,homogen-northEast;Enum_Approach;2;{'interdiction': {('source_1', 'sink_3'): 0, ('innode_1', 'sink_16'): 0, ('innode_6', 'sink_13'): 0, ('sink_13', 'sink_14'): 0, ('sink_14', 'sink_10'): 0, ('sink_25', 'sink_26'): 1, ('sink_26', 'sink_9'): 0, ('sink_9', 'sink_18'): 0, ('sink_26', 'sink_4'): 1, ('sink_4', 'sink_20'): 0, ('sink_18', 'sink_6'): 0, ('sink_25', 'innode_8'): 0, ('sink_6', 'sink_7'): 0, ('sink_6', 'sink_22'): 0, ('sink_7', 'sink_24'): 0, ('sink_22', 'sink_1'): 0, ('sink_24', 'sink_21'): 0, ('sink_21', 'sink_12'): 0, ('sink_7', 'sink_5'): 0, ('sink_5', 'sink_17'): 0, ('sink_17', 'sink_4'): 0, ('sink_17', 'sink_8'): 0, ('sink_3', 'sink_23'): 0, ('sink_8', 'sink_20'): 0, ('sink_25', 'sink_20'): 0, ('sink_25', 'sink_15'): 0, ('sink_15', 'sink_29'): 0, ('sink_29', 'sink_28'): 0, ('sink_29', 'sink_2'): 0, ('sink_2', 'sink_15'): 0, ('sink_29', 'innode_7'): 0, ('innode_4', 'sink_19'): 0, ('sink_19', 'innode_3'): 0, ('innode_4', 'innode_5'): 0, ('sink_27', 'innode_5'): 0, ('sink_27', 'sink_19'): 0, ('sink_10', 'sink_11'): 0, ('sink_10', 'innode_2'): 0, ('sink_10', 'innode_3'): 0, ('innode_6', 'sink_25'): 0, ('sink_11', 'innode_1'): 0, ('sink_19', 'innode_2'): 0, ('source_3', 'innode_4'): 0, ('source_2', 'innode_7'): 0, ('sink_3', 'innode_8'): 0}, 'objVal': 138.27089376361178, 'Runtime': 0.007550954818725586}//25.1302347183227539
GasLib-40,homogen-northEast;Enum_Approach;3;{'interdiction': {('source_1', 'sink_3'): 0, ('innode_1', 'sink_16'): 0, ('innode_6', 'sink_13'): 0, ('sink_13', 'sink_14'): 0, ('sink_14', 'sink_10'): 0, ('sink_25', 'sink_26'): 1, ('sink_26', 'sink_9'): 0, ('sink_9', 'sink_18'): 0, ('sink_26', 'sink_4'): 0, ('sink_4', 'sink_20'): 1, ('sink_18', 'sink_6'): 0, ('sink_25', 'innode_8'): 0, ('sink_6', 'sink_7'): 0, ('sink_6', 'sink_22'): 0, ('sink_7', 'sink_24'): 0, ('sink_22', 'sink_1'): 0, ('sink_24', 'sink_21'): 0, ('sink_21', 'sink_12'): 0, ('sink_7', 'sink_5'): 0, ('sink_5', 'sink_17'): 0, ('sink_17', 'sink_4'): 1, ('sink_17', 'sink_8'): 0, ('sink_3', 'sink_23'): 0, ('sink_8', 'sink_20'): 0, ('sink_25', 'sink_20'): 0, ('sink_25', 'sink_15'): 0, ('sink_15', 'sink_29'): 0, ('sink_29', 'sink_28'): 0, ('sink_29', 'sink_2'): 0, ('sink_2', 'sink_15'): 0, ('sink_29', 'innode_7'): 0, ('innode_4', 'sink_19'): 0, ('sink_19', 'innode_3'): 0, ('innode_4', 'innode_5'): 0, ('sink_27', 'innode_5'): 0, ('sink_27', 'sink_19'): 0, ('sink_10', 'sink_11'): 0, ('sink_10', 'innode_2'): 0, ('sink_10', 'innode_3'): 0, ('innode_6', 'sink_25'): 0, ('sink_11', 'innode_1'): 0, ('sink_19', 'innode_2'): 0, ('source_3', 'innode_4'): 0, ('source_2', 'innode_7'): 0, ('sink_3', 'innode_8'): 0}, 'objVal': 162.55648531371645, 'Runtime': 0.0034461021423339844}//157.5125689506530762
GasLib-40,homogen-randomExits;Enum_Approach;0;{'interdiction': {('source_1', 'sink_3'): 0, ('innode_1', 'sink_16'): 0, ('innode_6', 'sink_13'): 0, ('sink_13', 'sink_14'): 0, ('sink_14', 'sink_10'): 0, ('sink_25', 'sink_26'): 0, ('sink_26', 'sink_9'): 0, ('sink_9', 'sink_18'): 0, ('sink_26', 'sink_4'): 0, ('sink_4', 'sink_20'): 0, ('sink_18', 'sink_6'): 0, ('sink_25', 'innode_8'): 0, ('sink_6', 'sink_7'): 0, ('sink_6', 'sink_22'): 0, ('sink_7', 'sink_24'): 0, ('sink_22', 'sink_1'): 0, ('sink_24', 'sink_21'): 0, ('sink_21', 'sink_12'): 0, ('sink_7', 'sink_5'): 0, ('sink_5', 'sink_17'): 0, ('sink_17', 'sink_4'): 0, ('sink_17', 'sink_8'): 0, ('sink_3', 'sink_23'): 0, ('sink_8', 'sink_20'): 0, ('sink_25', 'sink_20'): 0, ('sink_25', 'sink_15'): 0, ('sink_15', 'sink_29'): 0, ('sink_29', 'sink_28'): 0, ('sink_29', 'sink_2'): 0, ('sink_2', 'sink_15'): 0, ('sink_29', 'innode_7'): 0, ('innode_4', 'sink_19'): 0, ('sink_19', 'innode_3'): 0, ('innode_4', 'innode_5'): 0, ('sink_27', 'innode_5'): 0, ('sink_27', 'sink_19'): 0, ('sink_10', 'sink_11'): 0, ('sink_10', 'innode_2'): 0, ('sink_10', 'innode_3'): 0, ('innode_6', 'sink_25'): 0, ('sink_11', 'innode_1'): 0, ('sink_19', 'innode_2'): 0, ('source_3', 'innode_4'): 0, ('source_2', 'innode_7'): 0, ('sink_3', 'innode_8'): 0}, 'objVal': 0.0, 'Runtime': 0.00430607795715332}//1.6710095405578613
GasLib-40,homogen-randomExits;Enum_Approach;1;{'interdiction': {('source_1', 'sink_3'): 0, ('innode_1', 'sink_16'): 0, ('innode_6', 'sink_13'): 0, ('sink_13', 'sink_14'): 0, ('sink_14', 'sink_10'): 0, ('sink_25', 'sink_26'): 1, ('sink_26', 'sink_9'): 0, ('sink_9', 'sink_18'): 0, ('sink_26', 'sink_4'): 0, ('sink_4', 'sink_20'): 0, ('sink_18', 'sink_6'): 0, ('sink_25', 'innode_8'): 0, ('sink_6', 'sink_7'): 0, ('sink_6', 'sink_22'): 0, ('sink_7', 'sink_24'): 0, ('sink_22', 'sink_1'): 0, ('sink_24', 'sink_21'): 0, ('sink_21', 'sink_12'): 0, ('sink_7', 'sink_5'): 0, ('sink_5', 'sink_17'): 0, ('sink_17', 'sink_4'): 0, ('sink_17', 'sink_8'): 0, ('sink_3', 'sink_23'): 0, ('sink_8', 'sink_20'): 0, ('sink_25', 'sink_20'): 0, ('sink_25', 'sink_15'): 0, ('sink_15', 'sink_29'): 0, ('sink_29', 'sink_28'): 0, ('sink_29', 'sink_2'): 0, ('sink_2', 'sink_15'): 0, ('sink_29', 'innode_7'): 0, ('innode_4', 'sink_19'): 0, ('sink_19', 'innode_3'): 0, ('innode_4', 'innode_5'): 0, ('sink_27', 'innode_5'): 0, ('sink_27', 'sink_19'): 0, ('sink_10', 'sink_11'): 0, ('sink_10', 'innode_2'): 0, ('sink_10', 'innode_3'): 0, ('innode_6', 'sink_25'): 0, ('sink_11', 'innode_1'): 0, ('sink_19', 'innode_2'): 0, ('source_3', 'innode_4'): 0, ('source_2', 'innode_7'): 0, ('sink_3', 'innode_8'): 0}, 'objVal': 126.00002703258302, 'Runtime': 0.0028989315032958984}//2.5215666294097900
GasLib-40,homogen-randomExits;Enum_Approach;2;{'interdiction': {('source_1', 'sink_3'): 0, ('innode_1', 'sink_16'): 0, ('innode_6', 'sink_13'): 0, ('sink_13', 'sink_14'): 0, ('sink_14', 'sink_10'): 0, ('sink_25', 'sink_26'): 1, ('sink_26', 'sink_9'): 0, ('sink_9', 'sink_18'): 0, ('sink_26', 'sink_4'): 1, ('sink_4', 'sink_20'): 0, ('sink_18', 'sink_6'): 0, ('sink_25', 'innode_8'): 0, ('sink_6', 'sink_7'): 0, ('sink_6', 'sink_22'): 0, ('sink_7', 'sink_24'): 0, ('sink_22', 'sink_1'): 0, ('sink_24', 'sink_21'): 0, ('sink_21', 'sink_12'): 0, ('sink_7', 'sink_5'): 0, ('sink_5', 'sink_17'): 0, ('sink_17', 'sink_4'): 0, ('sink_17', 'sink_8'): 0, ('sink_3', 'sink_23'): 0, ('sink_8', 'sink_20'): 0, ('sink_25', 'sink_20'): 0, ('sink_25', 'sink_15'): 0, ('sink_15', 'sink_29'): 0, ('sink_29', 'sink_28'): 0, ('sink_29', 'sink_2'): 0, ('sink_2', 'sink_15'): 0, ('sink_29', 'innode_7'): 0, ('innode_4', 'sink_19'): 0, ('sink_19', 'innode_3'): 0, ('innode_4', 'innode_5'): 0, ('sink_27', 'innode_5'): 0, ('sink_27', 'sink_19'): 0, ('sink_10', 'sink_11'): 0, ('sink_10', 'innode_2'): 0, ('sink_10', 'innode_3'): 0, ('innode_6', 'sink_25'): 0, ('sink_11', 'innode_1'): 0, ('sink_19', 'innode_2'): 0, ('source_3', 'innode_4'): 0, ('source_2', 'innode_7'): 0, ('sink_3', 'innode_8'): 0}, 'objVal': 152.20770760927712, 'Runtime': 0.0025599002838134766}//13.7360472679138184
GasLib-40,homogen-randomExits;Enum_Approach;3;{'interdiction': {('source_1', 'sink_3'): 0, ('innode_1', 'sink_16'): 0, ('innode_6', 'sink_13'): 0, ('sink_13', 'sink_14'): 0, ('sink_14', 'sink_10'): 0, ('sink_25', 'sink_26'): 1, ('sink_26', 'sink_9'): 0, ('sink_9', 'sink_18'): 0, ('sink_26', 'sink_4'): 0, ('sink_4', 'sink_20'): 1, ('sink_18', 'sink_6'): 0, ('sink_25', 'innode_8'): 0, ('sink_6', 'sink_7'): 0, ('sink_6', 'sink_22'): 0, ('sink_7', 'sink_24'): 0, ('sink_22', 'sink_1'): 0, ('sink_24', 'sink_21'): 0, ('sink_21', 'sink_12'): 0, ('sink_7', 'sink_5'): 0, ('sink_5', 'sink_17'): 0, ('sink_17', 'sink_4'): 1, ('sink_17', 'sink_8'): 0, ('sink_3', 'sink_23'): 0, ('sink_8', 'sink_20'): 0, ('sink_25', 'sink_20'): 0, ('sink_25', 'sink_15'): 0, ('sink_15', 'sink_29'): 0, ('sink_29', 'sink_28'): 0, ('sink_29', 'sink_2'): 0, ('sink_2', 'sink_15'): 0, ('sink_29', 'innode_7'): 0, ('innode_4', 'sink_19'): 0, ('sink_19', 'innode_3'): 0, ('innode_4', 'innode_5'): 0, ('sink_27', 'innode_5'): 0, ('sink_27', 'sink_19'): 0, ('sink_10', 'sink_11'): 0, ('sink_10', 'innode_2'): 0, ('sink_10', 'innode_3'): 0, ('innode_6', 'sink_25'): 0, ('sink_11', 'innode_1'): 0, ('sink_19', 'innode_2'): 0, ('source_3', 'innode_4'): 0, ('source_2', 'innode_7'): 0, ('sink_3', 'innode_8'): 0}, 'objVal': 194.44346643856204, 'Runtime': 0.002604961395263672}//130.4964766502380371
GasLib-40,south-randomExits;Enum_Approach;0;{'interdiction': {('source_1', 'sink_3'): 0, ('innode_1', 'sink_16'): 0, ('innode_6', 'sink_13'): 0, ('sink_13', 'sink_14'): 0, ('sink_14', 'sink_10'): 0, ('sink_25', 'sink_26'): 0, ('sink_26', 'sink_9'): 0, ('sink_9', 'sink_18'): 0, ('sink_26', 'sink_4'): 0, ('sink_4', 'sink_20'): 0, ('sink_18', 'sink_6'): 0, ('sink_25', 'innode_8'): 0, ('sink_6', 'sink_7'): 0, ('sink_6', 'sink_22'): 0, ('sink_7', 'sink_24'): 0, ('sink_22', 'sink_1'): 0, ('sink_24', 'sink_21'): 0, ('sink_21', 'sink_12'): 0, ('sink_7', 'sink_5'): 0, ('sink_5', 'sink_17'): 0, ('sink_17', 'sink_4'): 0, ('sink_17', 'sink_8'): 0, ('sink_3', 'sink_23'): 0, ('sink_8', 'sink_20'): 0, ('sink_25', 'sink_20'): 0, ('sink_25', 'sink_15'): 0, ('sink_15', 'sink_29'): 0, ('sink_29', 'sink_28'): 0, ('sink_29', 'sink_2'): 0, ('sink_2', 'sink_15'): 0, ('sink_29', 'innode_7'): 0, ('innode_4', 'sink_19'): 0, ('sink_19', 'innode_3'): 0, ('innode_4', 'innode_5'): 0, ('sink_27', 'innode_5'): 0, ('sink_27', 'sink_19'): 0, ('sink_10', 'sink_11'): 0, ('sink_10', 'innode_2'): 0, ('sink_10', 'innode_3'): 0, ('innode_6', 'sink_25'): 0, ('sink_11', 'innode_1'): 0, ('sink_19', 'innode_2'): 0, ('source_3', 'innode_4'): 0, ('source_2', 'innode_7'): 0, ('sink_3', 'innode_8'): 0}, 'objVal': 1.3743884973676612, 'Runtime': 0.003796100616455078}//1.6513688564300537
GasLib-40,south-randomExits;Enum_Approach;1;{'interdiction': {('source_1', 'sink_3'): 0, ('innode_1', 'sink_16'): 0, ('innode_6', 'sink_13'): 0, ('sink_13', 'sink_14'): 0, ('sink_14', 'sink_10'): 0, ('sink_25', 'sink_26'): 0, ('sink_26', 'sink_9'): 1, ('sink_9', 'sink_18'): 0, ('sink_26', 'sink_4'): 0, ('sink_4', 'sink_20'): 0, ('sink_18', 'sink_6'): 0, ('sink_25', 'innode_8'): 0, ('sink_6', 'sink_7'): 0, ('sink_6', 'sink_22'): 0, ('sink_7', 'sink_24'): 0, ('sink_22', 'sink_1'): 0, ('sink_24', 'sink_21'): 0, ('sink_21', 'sink_12'): 0, ('sink_7', 'sink_5'): 0, ('sink_5', 'sink_17'): 0, ('sink_17', 'sink_4'): 0, ('sink_17', 'sink_8'): 0, ('sink_3', 'sink_23'): 0, ('sink_8', 'sink_20'): 0, ('sink_25', 'sink_20'): 0, ('sink_25', 'sink_15'): 0, ('sink_15', 'sink_29'): 0, ('sink_29', 'sink_28'): 0, ('sink_29', 'sink_2'): 0, ('sink_2', 'sink_15'): 0, ('sink_29', 'innode_7'): 0, ('innode_4', 'sink_19'): 0, ('sink_19', 'innode_3'): 0, ('innode_4', 'innode_5'): 0, ('sink_27', 'innode_5'): 0, ('sink_27', 'sink_19'): 0, ('sink_10', 'sink_11'): 0, ('sink_10', 'innode_2'): 0, ('sink_10', 'innode_3'): 0, ('innode_6', 'sink_25'): 0, ('sink_11', 'innode_1'): 0, ('sink_19', 'innode_2'): 0, ('source_3', 'innode_4'): 0, ('source_2', 'innode_7'): 0, ('sink_3', 'innode_8'): 0}, 'objVal': 58.87797733066952, 'Runtime': 0.0026879310607910156}//2.4494600296020508
GasLib-40,south-randomExits;Enum_Approach;2;{'interdiction': {('source_1', 'sink_3'): 0, ('innode_1', 'sink_16'): 0, ('innode_6', 'sink_13'): 0, ('sink_13', 'sink_14'): 0, ('sink_14', 'sink_10'): 0, ('sink_25', 'sink_26'): 1, ('sink_26', 'sink_9'): 0, ('sink_9', 'sink_18'): 0, ('sink_26', 'sink_4'): 1, ('sink_4', 'sink_20'): 0, ('sink_18', 'sink_6'): 0, ('sink_25', 'innode_8'): 0, ('sink_6', 'sink_7'): 0, ('sink_6', 'sink_22'): 0, ('sink_7', 'sink_24'): 0, ('sink_22', 'sink_1'): 0, ('sink_24', 'sink_21'): 0, ('sink_21', 'sink_12'): 0, ('sink_7', 'sink_5'): 0, ('sink_5', 'sink_17'): 0, ('sink_17', 'sink_4'): 0, ('sink_17', 'sink_8'): 0, ('sink_3', 'sink_23'): 0, ('sink_8', 'sink_20'): 0, ('sink_25', 'sink_20'): 0, ('sink_25', 'sink_15'): 0, ('sink_15', 'sink_29'): 0, ('sink_29', 'sink_28'): 0, ('sink_29', 'sink_2'): 0, ('sink_2', 'sink_15'): 0, ('sink_29', 'innode_7'): 0, ('innode_4', 'sink_19'): 0, ('sink_19', 'innode_3'): 0, ('innode_4', 'innode_5'): 0, ('sink_27', 'innode_5'): 0, ('sink_27', 'sink_19'): 0, ('sink_10', 'sink_11'): 0, ('sink_10', 'innode_2'): 0, ('sink_10', 'innode_3'): 0, ('innode_6', 'sink_25'): 0, ('sink_11', 'innode_1'): 0, ('sink_19', 'innode_2'): 0, ('source_3', 'innode_4'): 0, ('source_2', 'innode_7'): 0, ('sink_3', 'innode_8'): 0}, 'objVal': 90.66302273803994, 'Runtime': 0.002630949020385742}//14.0059671401977539
GasLib-40,south-randomExits;Enum_Approach;3;{'interdiction': {('source_1', 'sink_3'): 0, ('innode_1', 'sink_16'): 0, ('innode_6', 'sink_13'): 0, ('sink_13', 'sink_14'): 0, ('sink_14', 'sink_10'): 0, ('sink_25', 'sink_26'): 1, ('sink_26', 'sink_9'): 0, ('sink_9', 'sink_18'): 0, ('sink_26', 'sink_4'): 0, ('sink_4', 'sink_20'): 1, ('sink_18', 'sink_6'): 0, ('sink_25', 'innode_8'): 0, ('sink_6', 'sink_7'): 0, ('sink_6', 'sink_22'): 0, ('sink_7', 'sink_24'): 0, ('sink_22', 'sink_1'): 0, ('sink_24', 'sink_21'): 0, ('sink_21', 'sink_12'): 0, ('sink_7', 'sink_5'): 0, ('sink_5', 'sink_17'): 0, ('sink_17', 'sink_4'): 1, ('sink_17', 'sink_8'): 0, ('sink_3', 'sink_23'): 0, ('sink_8', 'sink_20'): 0, ('sink_25', 'sink_20'): 0, ('sink_25', 'sink_15'): 0, ('sink_15', 'sink_29'): 0, ('sink_29', 'sink_28'): 0, ('sink_29', 'sink_2'): 0, ('sink_2', 'sink_15'): 0, ('sink_29', 'innode_7'): 0, ('innode_4', 'sink_19'): 0, ('sink_19', 'innode_3'): 0, ('innode_4', 'innode_5'): 0, ('sink_27', 'innode_5'): 0, ('sink_27', 'sink_19'): 0, ('sink_10', 'sink_11'): 0, ('sink_10', 'innode_2'): 0, ('sink_10', 'innode_3'): 0, ('innode_6', 'sink_25'): 0, ('sink_11', 'innode_1'): 0, ('sink_19', 'innode_2'): 0, ('source_3', 'innode_4'): 0, ('source_2', 'innode_7'): 0, ('sink_3', 'innode_8'): 0}, 'objVal': 117.2128902234769, 'Runtime': 0.0028018951416015625}//153.9296851158142090
GasLib-40,homogen-south;Enum_Approach;0;{'interdiction': {('source_1', 'sink_3'): 0, ('innode_1', 'sink_16'): 0, ('innode_6', 'sink_13'): 0, ('sink_13', 'sink_14'): 0, ('sink_14', 'sink_10'): 0, ('sink_25', 'sink_26'): 0, ('sink_26', 'sink_9'): 0, ('sink_9', 'sink_18'): 0, ('sink_26', 'sink_4'): 0, ('sink_4', 'sink_20'): 0, ('sink_18', 'sink_6'): 0, ('sink_25', 'innode_8'): 0, ('sink_6', 'sink_7'): 0, ('sink_6', 'sink_22'): 0, ('sink_7', 'sink_24'): 0, ('sink_22', 'sink_1'): 0, ('sink_24', 'sink_21'): 0, ('sink_21', 'sink_12'): 0, ('sink_7', 'sink_5'): 0, ('sink_5', 'sink_17'): 0, ('sink_17', 'sink_4'): 0, ('sink_17', 'sink_8'): 0, ('sink_3', 'sink_23'): 0, ('sink_8', 'sink_20'): 0, ('sink_25', 'sink_20'): 0, ('sink_25', 'sink_15'): 0, ('sink_15', 'sink_29'): 0, ('sink_29', 'sink_28'): 0, ('sink_29', 'sink_2'): 0, ('sink_2', 'sink_15'): 0, ('sink_29', 'innode_7'): 0, ('innode_4', 'sink_19'): 0, ('sink_19', 'innode_3'): 0, ('innode_4', 'innode_5'): 0, ('sink_27', 'innode_5'): 0, ('sink_27', 'sink_19'): 0, ('sink_10', 'sink_11'): 0, ('sink_10', 'innode_2'): 0, ('sink_10', 'innode_3'): 0, ('innode_6', 'sink_25'): 0, ('sink_11', 'innode_1'): 0, ('sink_19', 'innode_2'): 0, ('source_3', 'innode_4'): 0, ('source_2', 'innode_7'): 0, ('sink_3', 'innode_8'): 0}, 'objVal': 0.0, 'Runtime': 0.004146099090576172}//2.4590132236480713
GasLib-40,homogen-south;Enum_Approach;1;{'interdiction': {('source_1', 'sink_3'): 0, ('innode_1', 'sink_16'): 0, ('innode_6', 'sink_13'): 0, ('sink_13', 'sink_14'): 0, ('sink_14', 'sink_10'): 0, ('sink_25', 'sink_26'): 1, ('sink_26', 'sink_9'): 0, ('sink_9', 'sink_18'): 0, ('sink_26', 'sink_4'): 0, ('sink_4', 'sink_20'): 0, ('sink_18', 'sink_6'): 0, ('sink_25', 'innode_8'): 0, ('sink_6', 'sink_7'): 0, ('sink_6', 'sink_22'): 0, ('sink_7', 'sink_24'): 0, ('sink_22', 'sink_1'): 0, ('sink_24', 'sink_21'): 0, ('sink_21', 'sink_12'): 0, ('sink_7', 'sink_5'): 0, ('sink_5', 'sink_17'): 0, ('sink_17', 'sink_4'): 0, ('sink_17', 'sink_8'): 0, ('sink_3', 'sink_23'): 0, ('sink_8', 'sink_20'): 0, ('sink_25', 'sink_20'): 0, ('sink_25', 'sink_15'): 0, ('sink_15', 'sink_29'): 0, ('sink_29', 'sink_28'): 0, ('sink_29', 'sink_2'): 0, ('sink_2', 'sink_15'): 0, ('sink_29', 'innode_7'): 0, ('innode_4', 'sink_19'): 0, ('sink_19', 'innode_3'): 0, ('innode_4', 'innode_5'): 0, ('sink_27', 'innode_5'): 0, ('sink_27', 'sink_19'): 0, ('sink_10', 'sink_11'): 0, ('sink_10', 'innode_2'): 0, ('sink_10', 'innode_3'): 0, ('innode_6', 'sink_25'): 0, ('sink_11', 'innode_1'): 0, ('sink_19', 'innode_2'): 0, ('source_3', 'innode_4'): 0, ('source_2', 'innode_7'): 0, ('sink_3', 'innode_8'): 0}, 'objVal': 93.6705452566887, 'Runtime': 0.0041239261627197266}//3.6406080722808838
GasLib-40,homogen-south;Enum_Approach;2;{'interdiction': {('source_1', 'sink_3'): 0, ('innode_1', 'sink_16'): 0, ('innode_6', 'sink_13'): 0, ('sink_13', 'sink_14'): 0, ('sink_14', 'sink_10'): 0, ('sink_25', 'sink_26'): 1, ('sink_26', 'sink_9'): 0, ('sink_9', 'sink_18'): 0, ('sink_26', 'sink_4'): 1, ('sink_4', 'sink_20'): 0, ('sink_18', 'sink_6'): 0, ('sink_25', 'innode_8'): 0, ('sink_6', 'sink_7'): 0, ('sink_6', 'sink_22'): 0, ('sink_7', 'sink_24'): 0, ('sink_22', 'sink_1'): 0, ('sink_24', 'sink_21'): 0, ('sink_21', 'sink_12'): 0, ('sink_7', 'sink_5'): 0, ('sink_5', 'sink_17'): 0, ('sink_17', 'sink_4'): 0, ('sink_17', 'sink_8'): 0, ('sink_3', 'sink_23'): 0, ('sink_8', 'sink_20'): 0, ('sink_25', 'sink_20'): 0, ('sink_25', 'sink_15'): 0, ('sink_15', 'sink_29'): 0, ('sink_29', 'sink_28'): 0, ('sink_29', 'sink_2'): 0, ('sink_2', 'sink_15'): 0, ('sink_29', 'innode_7'): 0, ('innode_4', 'sink_19'): 0, ('sink_19', 'innode_3'): 0, ('innode_4', 'innode_5'): 0, ('sink_27', 'innode_5'): 0, ('sink_27', 'sink_19'): 0, ('sink_10', 'sink_11'): 0, ('sink_10', 'innode_2'): 0, ('sink_10', 'innode_3'): 0, ('innode_6', 'sink_25'): 0, ('sink_11', 'innode_1'): 0, ('sink_19', 'innode_2'): 0, ('source_3', 'innode_4'): 0, ('source_2', 'innode_7'): 0, ('sink_3', 'innode_8'): 0}, 'objVal': 138.27089376361178, 'Runtime': 0.003041982650756836}//16.4776616096496582
GasLib-40,homogen-south;Enum_Approach;3;{'interdiction': {('source_1', 'sink_3'): 0, ('innode_1', 'sink_16'): 0, ('innode_6', 'sink_13'): 0, ('sink_13', 'sink_14'): 0, ('sink_14', 'sink_10'): 0, ('sink_25', 'sink_26'): 1, ('sink_26', 'sink_9'): 0, ('sink_9', 'sink_18'): 0, ('sink_26', 'sink_4'): 0, ('sink_4', 'sink_20'): 1, ('sink_18', 'sink_6'): 0, ('sink_25', 'innode_8'): 0, ('sink_6', 'sink_7'): 0, ('sink_6', 'sink_22'): 0, ('sink_7', 'sink_24'): 0, ('sink_22', 'sink_1'): 0, ('sink_24', 'sink_21'): 0, ('sink_21', 'sink_12'): 0, ('sink_7', 'sink_5'): 0, ('sink_5', 'sink_17'): 0, ('sink_17', 'sink_4'): 1, ('sink_17', 'sink_8'): 0, ('sink_3', 'sink_23'): 0, ('sink_8', 'sink_20'): 0, ('sink_25', 'sink_20'): 0, ('sink_25', 'sink_15'): 0, ('sink_15', 'sink_29'): 0, ('sink_29', 'sink_28'): 0, ('sink_29', 'sink_2'): 0, ('sink_2', 'sink_15'): 0, ('sink_29', 'innode_7'): 0, ('innode_4', 'sink_19'): 0, ('sink_19', 'innode_3'): 0, ('innode_4', 'innode_5'): 0, ('sink_27', 'innode_5'): 0, ('sink_27', 'sink_19'): 0, ('sink_10', 'sink_11'): 0, ('sink_10', 'innode_2'): 0, ('sink_10', 'innode_3'): 0, ('innode_6', 'sink_25'): 0, ('sink_11', 'innode_1'): 0, ('sink_19', 'innode_2'): 0, ('source_3', 'innode_4'): 0, ('source_2', 'innode_7'): 0, ('sink_3', 'innode_8'): 0}, 'objVal': 162.55648531371645, 'Runtime': 0.0026569366455078125}//160.8714148998260498
GasLib-40,homogen;Enum_Approach;0;{'interdiction': {('source_1', 'sink_3'): 0, ('innode_1', 'sink_16'): 0, ('innode_6', 'sink_13'): 0, ('sink_13', 'sink_14'): 0, ('sink_14', 'sink_10'): 0, ('sink_25', 'sink_26'): 0, ('sink_26', 'sink_9'): 0, ('sink_9', 'sink_18'): 0, ('sink_26', 'sink_4'): 0, ('sink_4', 'sink_20'): 0, ('sink_18', 'sink_6'): 0, ('sink_25', 'innode_8'): 0, ('sink_6', 'sink_7'): 0, ('sink_6', 'sink_22'): 0, ('sink_7', 'sink_24'): 0, ('sink_22', 'sink_1'): 0, ('sink_24', 'sink_21'): 0, ('sink_21', 'sink_12'): 0, ('sink_7', 'sink_5'): 0, ('sink_5', 'sink_17'): 0, ('sink_17', 'sink_4'): 0, ('sink_17', 'sink_8'): 0, ('sink_3', 'sink_23'): 0, ('sink_8', 'sink_20'): 0, ('sink_25', 'sink_20'): 0, ('sink_25', 'sink_15'): 0, ('sink_15', 'sink_29'): 0, ('sink_29', 'sink_28'): 0, ('sink_29', 'sink_2'): 0, ('sink_2', 'sink_15'): 0, ('sink_29', 'innode_7'): 0, ('innode_4', 'sink_19'): 0, ('sink_19', 'innode_3'): 0, ('innode_4', 'innode_5'): 0, ('sink_27', 'innode_5'): 0, ('sink_27', 'sink_19'): 0, ('sink_10', 'sink_11'): 0, ('sink_10', 'innode_2'): 0, ('sink_10', 'innode_3'): 0, ('innode_6', 'sink_25'): 0, ('sink_11', 'innode_1'): 0, ('sink_19', 'innode_2'): 0, ('source_3', 'innode_4'): 0, ('source_2', 'innode_7'): 0, ('sink_3', 'innode_8'): 0}, 'objVal': 0.0, 'Runtime': 0.007936954498291016}//3.8398847579956055
GasLib-40,homogen;Enum_Approach;1;{'interdiction': {('source_1', 'sink_3'): 0, ('innode_1', 'sink_16'): 0, ('innode_6', 'sink_13'): 0, ('sink_13', 'sink_14'): 0, ('sink_14', 'sink_10'): 0, ('sink_25', 'sink_26'): 1, ('sink_26', 'sink_9'): 0, ('sink_9', 'sink_18'): 0, ('sink_26', 'sink_4'): 0, ('sink_4', 'sink_20'): 0, ('sink_18', 'sink_6'): 0, ('sink_25', 'innode_8'): 0, ('sink_6', 'sink_7'): 0, ('sink_6', 'sink_22'): 0, ('sink_7', 'sink_24'): 0, ('sink_22', 'sink_1'): 0, ('sink_24', 'sink_21'): 0, ('sink_21', 'sink_12'): 0, ('sink_7', 'sink_5'): 0, ('sink_5', 'sink_17'): 0, ('sink_17', 'sink_4'): 0, ('sink_17', 'sink_8'): 0, ('sink_3', 'sink_23'): 0, ('sink_8', 'sink_20'): 0, ('sink_25', 'sink_20'): 0, ('sink_25', 'sink_15'): 0, ('sink_15', 'sink_29'): 0, ('sink_29', 'sink_28'): 0, ('sink_29', 'sink_2'): 0, ('sink_2', 'sink_15'): 0, ('sink_29', 'innode_7'): 0, ('innode_4', 'sink_19'): 0, ('sink_19', 'innode_3'): 0, ('innode_4', 'innode_5'): 0, ('sink_27', 'innode_5'): 0, ('sink_27', 'sink_19'): 0, ('sink_10', 'sink_11'): 0, ('sink_10', 'innode_2'): 0, ('sink_10', 'innode_3'): 0, ('innode_6', 'sink_25'): 0, ('sink_11', 'innode_1'): 0, ('sink_19', 'innode_2'): 0, ('source_3', 'innode_4'): 0, ('source_2', 'innode_7'): 0, ('sink_3', 'innode_8'): 0}, 'objVal': 93.6705452566887, 'Runtime': 0.003490924835205078}//3.5271434783935547
GasLib-40,homogen;Enum_Approach;2;{'interdiction': {('source_1', 'sink_3'): 0, ('innode_1', 'sink_16'): 0, ('innode_6', 'sink_13'): 0, ('sink_13', 'sink_14'): 0, ('sink_14', 'sink_10'): 0, ('sink_25', 'sink_26'): 1, ('sink_26', 'sink_9'): 0, ('sink_9', 'sink_18'): 0, ('sink_26', 'sink_4'): 1, ('sink_4', 'sink_20'): 0, ('sink_18', 'sink_6'): 0, ('sink_25', 'innode_8'): 0, ('sink_6', 'sink_7'): 0, ('sink_6', 'sink_22'): 0, ('sink_7', 'sink_24'): 0, ('sink_22', 'sink_1'): 0, ('sink_24', 'sink_21'): 0, ('sink_21', 'sink_12'): 0, ('sink_7', 'sink_5'): 0, ('sink_5', 'sink_17'): 0, ('sink_17', 'sink_4'): 0, ('sink_17', 'sink_8'): 0, ('sink_3', 'sink_23'): 0, ('sink_8', 'sink_20'): 0, ('sink_25', 'sink_20'): 0, ('sink_25', 'sink_15'): 0, ('sink_15', 'sink_29'): 0, ('sink_29', 'sink_28'): 0, ('sink_29', 'sink_2'): 0, ('sink_2', 'sink_15'): 0, ('sink_29', 'innode_7'): 0, ('innode_4', 'sink_19'): 0, ('sink_19', 'innode_3'): 0, ('innode_4', 'innode_5'): 0, ('sink_27', 'innode_5'): 0, ('sink_27', 'sink_19'): 0, ('sink_10', 'sink_11'): 0, ('sink_10', 'innode_2'): 0, ('sink_10', 'innode_3'): 0, ('innode_6', 'sink_25'): 0, ('sink_11', 'innode_1'): 0, ('sink_19', 'innode_2'): 0, ('source_3', 'innode_4'): 0, ('source_2', 'innode_7'): 0, ('sink_3', 'innode_8'): 0}, 'objVal': 138.27089376361178, 'Runtime': 0.004654884338378906}//19.7894661426544189
GasLib-40,homogen;Enum_Approach;3;{'interdiction': {('source_1', 'sink_3'): 0, ('innode_1', 'sink_16'): 0, ('innode_6', 'sink_13'): 0, ('sink_13', 'sink_14'): 0, ('sink_14', 'sink_10'): 0, ('sink_25', 'sink_26'): 1, ('sink_26', 'sink_9'): 0, ('sink_9', 'sink_18'): 0, ('sink_26', 'sink_4'): 0, ('sink_4', 'sink_20'): 1, ('sink_18', 'sink_6'): 0, ('sink_25', 'innode_8'): 0, ('sink_6', 'sink_7'): 0, ('sink_6', 'sink_22'): 0, ('sink_7', 'sink_24'): 0, ('sink_22', 'sink_1'): 0, ('sink_24', 'sink_21'): 0, ('sink_21', 'sink_12'): 0, ('sink_7', 'sink_5'): 0, ('sink_5', 'sink_17'): 0, ('sink_17', 'sink_4'): 1, ('sink_17', 'sink_8'): 0, ('sink_3', 'sink_23'): 0, ('sink_8', 'sink_20'): 0, ('sink_25', 'sink_20'): 0, ('sink_25', 'sink_15'): 0, ('sink_15', 'sink_29'): 0, ('sink_29', 'sink_28'): 0, ('sink_29', 'sink_2'): 0, ('sink_2', 'sink_15'): 0, ('sink_29', 'innode_7'): 0, ('innode_4', 'sink_19'): 0, ('sink_19', 'innode_3'): 0, ('innode_4', 'innode_5'): 0, ('sink_27', 'innode_5'): 0, ('sink_27', 'sink_19'): 0, ('sink_10', 'sink_11'): 0, ('sink_10', 'innode_2'): 0, ('sink_10', 'innode_3'): 0, ('innode_6', 'sink_25'): 0, ('sink_11', 'innode_1'): 0, ('sink_19', 'innode_2'): 0, ('source_3', 'innode_4'): 0, ('source_2', 'innode_7'): 0, ('sink_3', 'innode_8'): 0}, 'objVal': 162.55648531371645, 'Runtime': 0.0026578903198242188}//168.6813762187957764
GasLib-40,northEast-randomExits;Enum_Approach;0;{'interdiction': {('source_1', 'sink_3'): 0, ('innode_1', 'sink_16'): 0, ('innode_6', 'sink_13'): 0, ('sink_13', 'sink_14'): 0, ('sink_14', 'sink_10'): 0, ('sink_25', 'sink_26'): 0, ('sink_26', 'sink_9'): 0, ('sink_9', 'sink_18'): 0, ('sink_26', 'sink_4'): 0, ('sink_4', 'sink_20'): 0, ('sink_18', 'sink_6'): 0, ('sink_25', 'innode_8'): 0, ('sink_6', 'sink_7'): 0, ('sink_6', 'sink_22'): 0, ('sink_7', 'sink_24'): 0, ('sink_22', 'sink_1'): 0, ('sink_24', 'sink_21'): 0, ('sink_21', 'sink_12'): 0, ('sink_7', 'sink_5'): 0, ('sink_5', 'sink_17'): 0, ('sink_17', 'sink_4'): 0, ('sink_17', 'sink_8'): 0, ('sink_3', 'sink_23'): 0, ('sink_8', 'sink_20'): 0, ('sink_25', 'sink_20'): 0, ('sink_25', 'sink_15'): 0, ('sink_15', 'sink_29'): 0, ('sink_29', 'sink_28'): 0, ('sink_29', 'sink_2'): 0, ('sink_2', 'sink_15'): 0, ('sink_29', 'innode_7'): 0, ('innode_4', 'sink_19'): 0, ('sink_19', 'innode_3'): 0, ('innode_4', 'innode_5'): 0, ('sink_27', 'innode_5'): 0, ('sink_27', 'sink_19'): 0, ('sink_10', 'sink_11'): 0, ('sink_10', 'innode_2'): 0, ('sink_10', 'innode_3'): 0, ('innode_6', 'sink_25'): 0, ('sink_11', 'innode_1'): 0, ('sink_19', 'innode_2'): 0, ('source_3', 'innode_4'): 0, ('source_2', 'innode_7'): 0, ('sink_3', 'innode_8'): 0}, 'objVal': 0.0, 'Runtime': 0.007962942123413086}//2.2265877723693848
GasLib-40,northEast-randomExits;Enum_Approach;1;{'interdiction': {('source_1', 'sink_3'): 0, ('innode_1', 'sink_16'): 0, ('innode_6', 'sink_13'): 0, ('sink_13', 'sink_14'): 0, ('sink_14', 'sink_10'): 0, ('sink_25', 'sink_26'): 0, ('sink_26', 'sink_9'): 1, ('sink_9', 'sink_18'): 0, ('sink_26', 'sink_4'): 0, ('sink_4', 'sink_20'): 0, ('sink_18', 'sink_6'): 0, ('sink_25', 'innode_8'): 0, ('sink_6', 'sink_7'): 0, ('sink_6', 'sink_22'): 0, ('sink_7', 'sink_24'): 0, ('sink_22', 'sink_1'): 0, ('sink_24', 'sink_21'): 0, ('sink_21', 'sink_12'): 0, ('sink_7', 'sink_5'): 0, ('sink_5', 'sink_17'): 0, ('sink_17', 'sink_4'): 0, ('sink_17', 'sink_8'): 0, ('sink_3', 'sink_23'): 0, ('sink_8', 'sink_20'): 0, ('sink_25', 'sink_20'): 0, ('sink_25', 'sink_15'): 0, ('sink_15', 'sink_29'): 0, ('sink_29', 'sink_28'): 0, ('sink_29', 'sink_2'): 0, ('sink_2', 'sink_15'): 0, ('sink_29', 'innode_7'): 0, ('innode_4', 'sink_19'): 0, ('sink_19', 'innode_3'): 0, ('innode_4', 'innode_5'): 0, ('sink_27', 'innode_5'): 0, ('sink_27', 'sink_19'): 0, ('sink_10', 'sink_11'): 0, ('sink_10', 'innode_2'): 0, ('sink_10', 'innode_3'): 0, ('innode_6', 'sink_25'): 0, ('sink_11', 'innode_1'): 0, ('sink_19', 'innode_2'): 0, ('source_3', 'innode_4'): 0, ('source_2', 'innode_7'): 0, ('sink_3', 'innode_8'): 0}, 'objVal': 52.23869636096102, 'Runtime': 0.004263877868652344}//3.3715152740478516
GasLib-40,northEast-randomExits;Enum_Approach;2;{'interdiction': {('source_1', 'sink_3'): 0, ('innode_1', 'sink_16'): 0, ('innode_6', 'sink_13'): 0, ('sink_13', 'sink_14'): 0, ('sink_14', 'sink_10'): 0, ('sink_25', 'sink_26'): 1, ('sink_26', 'sink_9'): 0, ('sink_9', 'sink_18'): 0, ('sink_26', 'sink_4'): 1, ('sink_4', 'sink_20'): 0, ('sink_18', 'sink_6'): 0, ('sink_25', 'innode_8'): 0, ('sink_6', 'sink_7'): 0, ('sink_6', 'sink_22'): 0, ('sink_7', 'sink_24'): 0, ('sink_22', 'sink_1'): 0, ('sink_24', 'sink_21'): 0, ('sink_21', 'sink_12'): 0, ('sink_7', 'sink_5'): 0, ('sink_5', 'sink_17'): 0, ('sink_17', 'sink_4'): 0, ('sink_17', 'sink_8'): 0, ('sink_3', 'sink_23'): 0, ('sink_8', 'sink_20'): 0, ('sink_25', 'sink_20'): 0, ('sink_25', 'sink_15'): 0, ('sink_15', 'sink_29'): 0, ('sink_29', 'sink_28'): 0, ('sink_29', 'sink_2'): 0, ('sink_2', 'sink_15'): 0, ('sink_29', 'innode_7'): 0, ('innode_4', 'sink_19'): 0, ('sink_19', 'innode_3'): 0, ('innode_4', 'innode_5'): 0, ('sink_27', 'innode_5'): 0, ('sink_27', 'sink_19'): 0, ('sink_10', 'sink_11'): 0, ('sink_10', 'innode_2'): 0, ('sink_10', 'innode_3'): 0, ('innode_6', 'sink_25'): 0, ('sink_11', 'innode_1'): 0, ('sink_19', 'innode_2'): 0, ('source_3', 'innode_4'): 0, ('source_2', 'innode_7'): 0, ('sink_3', 'innode_8'): 0}, 'objVal': 83.17654539396867, 'Runtime': 0.004558086395263672}//18.1825823783874512
GasLib-40,northEast-randomExits;Enum_Approach;3;{'interdiction': {('source_1', 'sink_3'): 0, ('innode_1', 'sink_16'): 0, ('innode_6', 'sink_13'): 0, ('sink_13', 'sink_14'): 0, ('sink_14', 'sink_10'): 0, ('sink_25', 'sink_26'): 1, ('sink_26', 'sink_9'): 0, ('sink_9', 'sink_18'): 0, ('sink_26', 'sink_4'): 0, ('sink_4', 'sink_20'): 1, ('sink_18', 'sink_6'): 0, ('sink_25', 'innode_8'): 0, ('sink_6', 'sink_7'): 0, ('sink_6', 'sink_22'): 0, ('sink_7', 'sink_24'): 0, ('sink_22', 'sink_1'): 0, ('sink_24', 'sink_21'): 0, ('sink_21', 'sink_12'): 0, ('sink_7', 'sink_5'): 0, ('sink_5', 'sink_17'): 0, ('sink_17', 'sink_4'): 1, ('sink_17', 'sink_8'): 0, ('sink_3', 'sink_23'): 0, ('sink_8', 'sink_20'): 0, ('sink_25', 'sink_20'): 0, ('sink_25', 'sink_15'): 0, ('sink_15', 'sink_29'): 0, ('sink_29', 'sink_28'): 0, ('sink_29', 'sink_2'): 0, ('sink_2', 'sink_15'): 0, ('sink_29', 'innode_7'): 0, ('innode_4', 'sink_19'): 0, ('sink_19', 'innode_3'): 0, ('innode_4', 'innode_5'): 0, ('sink_27', 'innode_5'): 0, ('sink_27', 'sink_19'): 0, ('sink_10', 'sink_11'): 0, ('sink_10', 'innode_2'): 0, ('sink_10', 'innode_3'): 0, ('innode_6', 'sink_25'): 0, ('sink_11', 'innode_1'): 0, ('sink_19', 'innode_2'): 0, ('source_3', 'innode_4'): 0, ('source_2', 'innode_7'): 0, ('sink_3', 'innode_8'): 0}, 'objVal': 108.91796647491533, 'Runtime': 0.003100156784057617}//171.5780696868896484
GasLib-40,northEast;Enum_Approach;0;{'interdiction': {('source_1', 'sink_3'): 0, ('innode_1', 'sink_16'): 0, ('innode_6', 'sink_13'): 0, ('sink_13', 'sink_14'): 0, ('sink_14', 'sink_10'): 0, ('sink_25', 'sink_26'): 0, ('sink_26', 'sink_9'): 0, ('sink_9', 'sink_18'): 0, ('sink_26', 'sink_4'): 0, ('sink_4', 'sink_20'): 0, ('sink_18', 'sink_6'): 0, ('sink_25', 'innode_8'): 0, ('sink_6', 'sink_7'): 0, ('sink_6', 'sink_22'): 0, ('sink_7', 'sink_24'): 0, ('sink_22', 'sink_1'): 0, ('sink_24', 'sink_21'): 0, ('sink_21', 'sink_12'): 0, ('sink_7', 'sink_5'): 0, ('sink_5', 'sink_17'): 0, ('sink_17', 'sink_4'): 0, ('sink_17', 'sink_8'): 0, ('sink_3', 'sink_23'): 0, ('sink_8', 'sink_20'): 0, ('sink_25', 'sink_20'): 0, ('sink_25', 'sink_15'): 0, ('sink_15', 'sink_29'): 0, ('sink_29', 'sink_28'): 0, ('sink_29', 'sink_2'): 0, ('sink_2', 'sink_15'): 0, ('sink_29', 'innode_7'): 0, ('innode_4', 'sink_19'): 0, ('sink_19', 'innode_3'): 0, ('innode_4', 'innode_5'): 0, ('sink_27', 'innode_5'): 0, ('sink_27', 'sink_19'): 0, ('sink_10', 'sink_11'): 0, ('sink_10', 'innode_2'): 0, ('sink_10', 'innode_3'): 0, ('innode_6', 'sink_25'): 0, ('sink_11', 'innode_1'): 0, ('sink_19', 'innode_2'): 0, ('source_3', 'innode_4'): 0, ('source_2', 'innode_7'): 0, ('sink_3', 'innode_8'): 0}, 'objVal': 7.644221653835747, 'Runtime': 0.004539966583251953}//2.2655341625213623
GasLib-40,northEast;Enum_Approach;1;{'interdiction': {('source_1', 'sink_3'): 0, ('innode_1', 'sink_16'): 0, ('innode_6', 'sink_13'): 0, ('sink_13', 'sink_14'): 0, ('sink_14', 'sink_10'): 0, ('sink_25', 'sink_26'): 0, ('sink_26', 'sink_9'): 1, ('sink_9', 'sink_18'): 0, ('sink_26', 'sink_4'): 0, ('sink_4', 'sink_20'): 0, ('sink_18', 'sink_6'): 0, ('sink_25', 'innode_8'): 0, ('sink_6', 'sink_7'): 0, ('sink_6', 'sink_22'): 0, ('sink_7', 'sink_24'): 0, ('sink_22', 'sink_1'): 0, ('sink_24', 'sink_21'): 0, ('sink_21', 'sink_12'): 0, ('sink_7', 'sink_5'): 0, ('sink_5', 'sink_17'): 0, ('sink_17', 'sink_4'): 0, ('sink_17', 'sink_8'): 0, ('sink_3', 'sink_23'): 0, ('sink_8', 'sink_20'): 0, ('sink_25', 'sink_20'): 0, ('sink_25', 'sink_15'): 0, ('sink_15', 'sink_29'): 0, ('sink_29', 'sink_28'): 0, ('sink_29', 'sink_2'): 0, ('sink_2', 'sink_15'): 0, ('sink_29', 'innode_7'): 0, ('innode_4', 'sink_19'): 0, ('sink_19', 'innode_3'): 0, ('innode_4', 'innode_5'): 0, ('sink_27', 'innode_5'): 0, ('sink_27', 'sink_19'): 0, ('sink_10', 'sink_11'): 0, ('sink_10', 'innode_2'): 0, ('sink_10', 'innode_3'): 0, ('innode_6', 'sink_25'): 0, ('sink_11', 'innode_1'): 0, ('sink_19', 'innode_2'): 0, ('source_3', 'innode_4'): 0, ('source_2', 'innode_7'): 0, ('sink_3', 'innode_8'): 0}, 'objVal': 45.737876050019175, 'Runtime': 0.002640962600708008}//3.3410246372222900
GasLib-40,northEast;Enum_Approach;2;{'interdiction': {('source_1', 'sink_3'): 0, ('innode_1', 'sink_16'): 0, ('innode_6', 'sink_13'): 0, ('sink_13', 'sink_14'): 0, ('sink_14', 'sink_10'): 0, ('sink_25', 'sink_26'): 1, ('sink_26', 'sink_9'): 0, ('sink_9', 'sink_18'): 0, ('sink_26', 'sink_4'): 1, ('sink_4', 'sink_20'): 0, ('sink_18', 'sink_6'): 0, ('sink_25', 'innode_8'): 0, ('sink_6', 'sink_7'): 0, ('sink_6', 'sink_22'): 0, ('sink_7', 'sink_24'): 0, ('sink_22', 'sink_1'): 0, ('sink_24', 'sink_21'): 0, ('sink_21', 'sink_12'): 0, ('sink_7', 'sink_5'): 0, ('sink_5', 'sink_17'): 0, ('sink_17', 'sink_4'): 0, ('sink_17', 'sink_8'): 0, ('sink_3', 'sink_23'): 0, ('sink_8', 'sink_20'): 0, ('sink_25', 'sink_20'): 0, ('sink_25', 'sink_15'): 0, ('sink_15', 'sink_29'): 0, ('sink_29', 'sink_28'): 0, ('sink_29', 'sink_2'): 0, ('sink_2', 'sink_15'): 0, ('sink_29', 'innode_7'): 0, ('innode_4', 'sink_19'): 0, ('sink_19', 'innode_3'): 0, ('innode_4', 'innode_5'): 0, ('sink_27', 'innode_5'): 0, ('sink_27', 'sink_19'): 0, ('sink_10', 'sink_11'): 0, ('sink_10', 'innode_2'): 0, ('sink_10', 'innode_3'): 0, ('innode_6', 'sink_25'): 0, ('sink_11', 'innode_1'): 0, ('sink_19', 'innode_2'): 0, ('source_3', 'innode_4'): 0, ('source_2', 'innode_7'): 0, ('sink_3', 'innode_8'): 0}, 'objVal': 91.424820921694, 'Runtime': 0.0036330223083496094}//18.5235829353332520
GasLib-40,northEast;Enum_Approach;3;{'interdiction': {('source_1', 'sink_3'): 0, ('innode_1', 'sink_16'): 0, ('innode_6', 'sink_13'): 0, ('sink_13', 'sink_14'): 0, ('sink_14', 'sink_10'): 0, ('sink_25', 'sink_26'): 1, ('sink_26', 'sink_9'): 0, ('sink_9', 'sink_18'): 0, ('sink_26', 'sink_4'): 0, ('sink_4', 'sink_20'): 1, ('sink_18', 'sink_6'): 0, ('sink_25', 'innode_8'): 0, ('sink_6', 'sink_7'): 0, ('sink_6', 'sink_22'): 0, ('sink_7', 'sink_24'): 0, ('sink_22', 'sink_1'): 0, ('sink_24', 'sink_21'): 0, ('sink_21', 'sink_12'): 0, ('sink_7', 'sink_5'): 0, ('sink_5', 'sink_17'): 0, ('sink_17', 'sink_4'): 1, ('sink_17', 'sink_8'): 0, ('sink_3', 'sink_23'): 0, ('sink_8', 'sink_20'): 0, ('sink_25', 'sink_20'): 0, ('sink_25', 'sink_15'): 0, ('sink_15', 'sink_29'): 0, ('sink_29', 'sink_28'): 0, ('sink_29', 'sink_2'): 0, ('sink_2', 'sink_15'): 0, ('sink_29', 'innode_7'): 0, ('innode_4', 'sink_19'): 0, ('sink_19', 'innode_3'): 0, ('innode_4', 'innode_5'): 0, ('sink_27', 'innode_5'): 0, ('sink_27', 'sink_19'): 0, ('sink_10', 'sink_11'): 0, ('sink_10', 'innode_2'): 0, ('sink_10', 'innode_3'): 0, ('innode_6', 'sink_25'): 0, ('sink_11', 'innode_1'): 0, ('sink_19', 'innode_2'): 0, ('source_3', 'innode_4'): 0, ('source_2', 'innode_7'): 0, ('sink_3', 'innode_8'): 0}, 'objVal': 108.30523950586036, 'Runtime': 0.002579927444458008}//159.0271492004394531
GasLib-40,randomExits;Enum_Approach;0;{'interdiction': {('source_1', 'sink_3'): 0, ('innode_1', 'sink_16'): 0, ('innode_6', 'sink_13'): 0, ('sink_13', 'sink_14'): 0, ('sink_14', 'sink_10'): 0, ('sink_25', 'sink_26'): 0, ('sink_26', 'sink_9'): 0, ('sink_9', 'sink_18'): 0, ('sink_26', 'sink_4'): 0, ('sink_4', 'sink_20'): 0, ('sink_18', 'sink_6'): 0, ('sink_25', 'innode_8'): 0, ('sink_6', 'sink_7'): 0, ('sink_6', 'sink_22'): 0, ('sink_7', 'sink_24'): 0, ('sink_22', 'sink_1'): 0, ('sink_24', 'sink_21'): 0, ('sink_21', 'sink_12'): 0, ('sink_7', 'sink_5'): 0, ('sink_5', 'sink_17'): 0, ('sink_17', 'sink_4'): 0, ('sink_17', 'sink_8'): 0, ('sink_3', 'sink_23'): 0, ('sink_8', 'sink_20'): 0, ('sink_25', 'sink_20'): 0, ('sink_25', 'sink_15'): 0, ('sink_15', 'sink_29'): 0, ('sink_29', 'sink_28'): 0, ('sink_29', 'sink_2'): 0, ('sink_2', 'sink_15'): 0, ('sink_29', 'innode_7'): 0, ('innode_4', 'sink_19'): 0, ('sink_19', 'innode_3'): 0, ('innode_4', 'innode_5'): 0, ('sink_27', 'innode_5'): 0, ('sink_27', 'sink_19'): 0, ('sink_10', 'sink_11'): 0, ('sink_10', 'innode_2'): 0, ('sink_10', 'innode_3'): 0, ('innode_6', 'sink_25'): 0, ('sink_11', 'innode_1'): 0, ('sink_19', 'innode_2'): 0, ('source_3', 'innode_4'): 0, ('source_2', 'innode_7'): 0, ('sink_3', 'innode_8'): 0}, 'objVal': 1.3743884973676612, 'Runtime': 0.0035011768341064453}//2.1938161849975586
GasLib-40,randomExits;Enum_Approach;1;{'interdiction': {('source_1', 'sink_3'): 0, ('innode_1', 'sink_16'): 0, ('innode_6', 'sink_13'): 0, ('sink_13', 'sink_14'): 0, ('sink_14', 'sink_10'): 0, ('sink_25', 'sink_26'): 0, ('sink_26', 'sink_9'): 1, ('sink_9', 'sink_18'): 0, ('sink_26', 'sink_4'): 0, ('sink_4', 'sink_20'): 0, ('sink_18', 'sink_6'): 0, ('sink_25', 'innode_8'): 0, ('sink_6', 'sink_7'): 0, ('sink_6', 'sink_22'): 0, ('sink_7', 'sink_24'): 0, ('sink_22', 'sink_1'): 0, ('sink_24', 'sink_21'): 0, ('sink_21', 'sink_12'): 0, ('sink_7', 'sink_5'): 0, ('sink_5', 'sink_17'): 0, ('sink_17', 'sink_4'): 0, ('sink_17', 'sink_8'): 0, ('sink_3', 'sink_23'): 0, ('sink_8', 'sink_20'): 0, ('sink_25', 'sink_20'): 0, ('sink_25', 'sink_15'): 0, ('sink_15', 'sink_29'): 0, ('sink_29', 'sink_28'): 0, ('sink_29', 'sink_2'): 0, ('sink_2', 'sink_15'): 0, ('sink_29', 'innode_7'): 0, ('innode_4', 'sink_19'): 0, ('sink_19', 'innode_3'): 0, ('innode_4', 'innode_5'): 0, ('sink_27', 'innode_5'): 0, ('sink_27', 'sink_19'): 0, ('sink_10', 'sink_11'): 0, ('sink_10', 'innode_2'): 0, ('sink_10', 'innode_3'): 0, ('innode_6', 'sink_25'): 0, ('sink_11', 'innode_1'): 0, ('sink_19', 'innode_2'): 0, ('source_3', 'innode_4'): 0, ('source_2', 'innode_7'): 0, ('sink_3', 'innode_8'): 0}, 'objVal': 58.87797733066952, 'Runtime': 0.002602100372314453}//3.1729638576507568
GasLib-40,randomExits;Enum_Approach;2;{'interdiction': {('source_1', 'sink_3'): 0, ('innode_1', 'sink_16'): 0, ('innode_6', 'sink_13'): 0, ('sink_13', 'sink_14'): 0, ('sink_14', 'sink_10'): 0, ('sink_25', 'sink_26'): 1, ('sink_26', 'sink_9'): 0, ('sink_9', 'sink_18'): 0, ('sink_26', 'sink_4'): 1, ('sink_4', 'sink_20'): 0, ('sink_18', 'sink_6'): 0, ('sink_25', 'innode_8'): 0, ('sink_6', 'sink_7'): 0, ('sink_6', 'sink_22'): 0, ('sink_7', 'sink_24'): 0, ('sink_22', 'sink_1'): 0, ('sink_24', 'sink_21'): 0, ('sink_21', 'sink_12'): 0, ('sink_7', 'sink_5'): 0, ('sink_5', 'sink_17'): 0, ('sink_17', 'sink_4'): 0, ('sink_17', 'sink_8'): 0, ('sink_3', 'sink_23'): 0, ('sink_8', 'sink_20'): 0, ('sink_25', 'sink_20'): 0, ('sink_25', 'sink_15'): 0, ('sink_15', 'sink_29'): 0, ('sink_29', 'sink_28'): 0, ('sink_29', 'sink_2'): 0, ('sink_2', 'sink_15'): 0, ('sink_29', 'innode_7'): 0, ('innode_4', 'sink_19'): 0, ('sink_19', 'innode_3'): 0, ('innode_4', 'innode_5'): 0, ('sink_27', 'innode_5'): 0, ('sink_27', 'sink_19'): 0, ('sink_10', 'sink_11'): 0, ('sink_10', 'innode_2'): 0, ('sink_10', 'innode_3'): 0, ('innode_6', 'sink_25'): 0, ('sink_11', 'innode_1'): 0, ('sink_19', 'innode_2'): 0, ('source_3', 'innode_4'): 0, ('source_2', 'innode_7'): 0, ('sink_3', 'innode_8'): 0}, 'objVal': 90.66302273803994, 'Runtime': 0.005285978317260742}//21.3270962238311768
GasLib-40,randomExits;Enum_Approach;3;{'interdiction': {('source_1', 'sink_3'): 0, ('innode_1', 'sink_16'): 0, ('innode_6', 'sink_13'): 0, ('sink_13', 'sink_14'): 0, ('sink_14', 'sink_10'): 0, ('sink_25', 'sink_26'): 1, ('sink_26', 'sink_9'): 0, ('sink_9', 'sink_18'): 0, ('sink_26', 'sink_4'): 0, ('sink_4', 'sink_20'): 1, ('sink_18', 'sink_6'): 0, ('sink_25', 'innode_8'): 0, ('sink_6', 'sink_7'): 0, ('sink_6', 'sink_22'): 0, ('sink_7', 'sink_24'): 0, ('sink_22', 'sink_1'): 0, ('sink_24', 'sink_21'): 0, ('sink_21', 'sink_12'): 0, ('sink_7', 'sink_5'): 0, ('sink_5', 'sink_17'): 0, ('sink_17', 'sink_4'): 1, ('sink_17', 'sink_8'): 0, ('sink_3', 'sink_23'): 0, ('sink_8', 'sink_20'): 0, ('sink_25', 'sink_20'): 0, ('sink_25', 'sink_15'): 0, ('sink_15', 'sink_29'): 0, ('sink_29', 'sink_28'): 0, ('sink_29', 'sink_2'): 0, ('sink_2', 'sink_15'): 0, ('sink_29', 'innode_7'): 0, ('innode_4', 'sink_19'): 0, ('sink_19', 'innode_3'): 0, ('innode_4', 'innode_5'): 0, ('sink_27', 'innode_5'): 0, ('sink_27', 'sink_19'): 0, ('sink_10', 'sink_11'): 0, ('sink_10', 'innode_2'): 0, ('sink_10', 'innode_3'): 0, ('innode_6', 'sink_25'): 0, ('sink_11', 'innode_1'): 0, ('sink_19', 'innode_2'): 0, ('source_3', 'innode_4'): 0, ('source_2', 'innode_7'): 0, ('sink_3', 'innode_8'): 0}, 'objVal': 117.2128902234769, 'Runtime': 0.003329038619995117}//177.0861625671386719
GasLib-40,randomExits0-200;Enum_Approach;0;None//2.5429694652557373
GasLib-40,randomExits0-200;Enum_Approach;1;None//2.5720558166503906
GasLib-40,randomExits0-200;Enum_Approach;2;None//2.4903001785278320
GasLib-40,randomExits0-200;Enum_Approach;3;None//2.5195553302764893
GasLib-40,scaled-randomExits;Enum_Approach;0;{'interdiction': {('source_1', 'sink_3'): 0, ('innode_1', 'sink_16'): 0, ('innode_6', 'sink_13'): 0, ('sink_13', 'sink_14'): 0, ('sink_14', 'sink_10'): 0, ('sink_25', 'sink_26'): 0, ('sink_26', 'sink_9'): 0, ('sink_9', 'sink_18'): 0, ('sink_26', 'sink_4'): 0, ('sink_4', 'sink_20'): 0, ('sink_18', 'sink_6'): 0, ('sink_25', 'innode_8'): 0, ('sink_6', 'sink_7'): 0, ('sink_6', 'sink_22'): 0, ('sink_7', 'sink_24'): 0, ('sink_22', 'sink_1'): 0, ('sink_24', 'sink_21'): 0, ('sink_21', 'sink_12'): 0, ('sink_7', 'sink_5'): 0, ('sink_5', 'sink_17'): 0, ('sink_17', 'sink_4'): 0, ('sink_17', 'sink_8'): 0, ('sink_3', 'sink_23'): 0, ('sink_8', 'sink_20'): 0, ('sink_25', 'sink_20'): 0, ('sink_25', 'sink_15'): 0, ('sink_15', 'sink_29'): 0, ('sink_29', 'sink_28'): 0, ('sink_29', 'sink_2'): 0, ('sink_2', 'sink_15'): 0, ('sink_29', 'innode_7'): 0, ('innode_4', 'sink_19'): 0, ('sink_19', 'innode_3'): 0, ('innode_4', 'innode_5'): 0, ('sink_27', 'innode_5'): 0, ('sink_27', 'sink_19'): 0, ('sink_10', 'sink_11'): 0, ('sink_10', 'innode_2'): 0, ('sink_10', 'innode_3'): 0, ('innode_6', 'sink_25'): 0, ('sink_11', 'innode_1'): 0, ('sink_19', 'innode_2'): 0, ('source_3', 'innode_4'): 0, ('source_2', 'innode_7'): 0, ('sink_3', 'innode_8'): 0}, 'objVal': 1.330635794856258, 'Runtime': 0.004763126373291016}//2.7969961166381836
GasLib-40,scaled-randomExits;Enum_Approach;1;{'interdiction': {('source_1', 'sink_3'): 0, ('innode_1', 'sink_16'): 0, ('innode_6', 'sink_13'): 0, ('sink_13', 'sink_14'): 0, ('sink_14', 'sink_10'): 0, ('sink_25', 'sink_26'): 0, ('sink_26', 'sink_9'): 1, ('sink_9', 'sink_18'): 0, ('sink_26', 'sink_4'): 0, ('sink_4', 'sink_20'): 0, ('sink_18', 'sink_6'): 0, ('sink_25', 'innode_8'): 0, ('sink_6', 'sink_7'): 0, ('sink_6', 'sink_22'): 0, ('sink_7', 'sink_24'): 0, ('sink_22', 'sink_1'): 0, ('sink_24', 'sink_21'): 0, ('sink_21', 'sink_12'): 0, ('sink_7', 'sink_5'): 0, ('sink_5', 'sink_17'): 0, ('sink_17', 'sink_4'): 0, ('sink_17', 'sink_8'): 0, ('sink_3', 'sink_23'): 0, ('sink_8', 'sink_20'): 0, ('sink_25', 'sink_20'): 0, ('sink_25', 'sink_15'): 0, ('sink_15', 'sink_29'): 0, ('sink_29', 'sink_28'): 0, ('sink_29', 'sink_2'): 0, ('sink_2', 'sink_15'): 0, ('sink_29', 'innode_7'): 0, ('innode_4', 'sink_19'): 0, ('sink_19', 'innode_3'): 0, ('innode_4', 'innode_5'): 0, ('sink_27', 'innode_5'): 0, ('sink_27', 'sink_19'): 0, ('sink_10', 'sink_11'): 0, ('sink_10', 'innode_2'): 0, ('sink_10', 'innode_3'): 0, ('innode_6', 'sink_25'): 0, ('sink_11', 'innode_1'): 0, ('sink_19', 'innode_2'): 0, ('source_3', 'innode_4'): 0, ('source_2', 'innode_7'): 0, ('sink_3', 'innode_8'): 0}, 'objVal': 58.72859350885119, 'Runtime': 0.004439115524291992}//4.0803563594818115
GasLib-40,scaled-randomExits;Enum_Approach;2;{'interdiction': {('source_1', 'sink_3'): 0, ('innode_1', 'sink_16'): 0, ('innode_6', 'sink_13'): 0, ('sink_13', 'sink_14'): 0, ('sink_14', 'sink_10'): 0, ('sink_25', 'sink_26'): 1, ('sink_26', 'sink_9'): 0, ('sink_9', 'sink_18'): 0, ('sink_26', 'sink_4'): 1, ('sink_4', 'sink_20'): 0, ('sink_18', 'sink_6'): 0, ('sink_25', 'innode_8'): 0, ('sink_6', 'sink_7'): 0, ('sink_6', 'sink_22'): 0, ('sink_7', 'sink_24'): 0, ('sink_22', 'sink_1'): 0, ('sink_24', 'sink_21'): 0, ('sink_21', 'sink_12'): 0, ('sink_7', 'sink_5'): 0, ('sink_5', 'sink_17'): 0, ('sink_17', 'sink_4'): 0, ('sink_17', 'sink_8'): 0, ('sink_3', 'sink_23'): 0, ('sink_8', 'sink_20'): 0, ('sink_25', 'sink_20'): 0, ('sink_25', 'sink_15'): 0, ('sink_15', 'sink_29'): 0, ('sink_29', 'sink_28'): 0, ('sink_29', 'sink_2'): 0, ('sink_2', 'sink_15'): 0, ('sink_29', 'innode_7'): 0, ('innode_4', 'sink_19'): 0, ('sink_19', 'innode_3'): 0, ('innode_4', 'innode_5'): 0, ('sink_27', 'innode_5'): 0, ('sink_27', 'sink_19'): 0, ('sink_10', 'sink_11'): 0, ('sink_10', 'innode_2'): 0, ('sink_10', 'innode_3'): 0, ('innode_6', 'sink_25'): 0, ('sink_11', 'innode_1'): 0, ('sink_19', 'innode_2'): 0, ('source_3', 'innode_4'): 0, ('source_2', 'innode_7'): 0, ('sink_3', 'innode_8'): 0}, 'objVal': 90.4945769977983, 'Runtime': 0.002569913864135742}//20.3673152923583984
GasLib-40,scaled-randomExits;Enum_Approach;3;{'interdiction': {('source_1', 'sink_3'): 0, ('innode_1', 'sink_16'): 0, ('innode_6', 'sink_13'): 0, ('sink_13', 'sink_14'): 0, ('sink_14', 'sink_10'): 0, ('sink_25', 'sink_26'): 1, ('sink_26', 'sink_9'): 0, ('sink_9', 'sink_18'): 0, ('sink_26', 'sink_4'): 0, ('sink_4', 'sink_20'): 1, ('sink_18', 'sink_6'): 0, ('sink_25', 'innode_8'): 0, ('sink_6', 'sink_7'): 0, ('sink_6', 'sink_22'): 0, ('sink_7', 'sink_24'): 0, ('sink_22', 'sink_1'): 0, ('sink_24', 'sink_21'): 0, ('sink_21', 'sink_12'): 0, ('sink_7', 'sink_5'): 0, ('sink_5', 'sink_17'): 0, ('sink_17', 'sink_4'): 1, ('sink_17', 'sink_8'): 0, ('sink_3', 'sink_23'): 0, ('sink_8', 'sink_20'): 0, ('sink_25', 'sink_20'): 0, ('sink_25', 'sink_15'): 0, ('sink_15', 'sink_29'): 0, ('sink_29', 'sink_28'): 0, ('sink_29', 'sink_2'): 0, ('sink_2', 'sink_15'): 0, ('sink_29', 'innode_7'): 0, ('innode_4', 'sink_19'): 0, ('sink_19', 'innode_3'): 0, ('innode_4', 'innode_5'): 0, ('sink_27', 'innode_5'): 0, ('sink_27', 'sink_19'): 0, ('sink_10', 'sink_11'): 0, ('sink_10', 'innode_2'): 0, ('sink_10', 'innode_3'): 0, ('innode_6', 'sink_25'): 0, ('sink_11', 'innode_1'): 0, ('sink_19', 'innode_2'): 0, ('source_3', 'innode_4'): 0, ('source_2', 'innode_7'): 0, ('sink_3', 'innode_8'): 0}, 'objVal': 117.02573942031611, 'Runtime': 0.004015922546386719}//177.4758956432342529
GasLib-40,scaled;Enum_Approach;0;{'interdiction': {('source_1', 'sink_3'): 0, ('innode_1', 'sink_16'): 0, ('innode_6', 'sink_13'): 0, ('sink_13', 'sink_14'): 0, ('sink_14', 'sink_10'): 0, ('sink_25', 'sink_26'): 0, ('sink_26', 'sink_9'): 0, ('sink_9', 'sink_18'): 0, ('sink_26', 'sink_4'): 0, ('sink_4', 'sink_20'): 0, ('sink_18', 'sink_6'): 0, ('sink_25', 'innode_8'): 0, ('sink_6', 'sink_7'): 0, ('sink_6', 'sink_22'): 0, ('sink_7', 'sink_24'): 0, ('sink_22', 'sink_1'): 0, ('sink_24', 'sink_21'): 0, ('sink_21', 'sink_12'): 0, ('sink_7', 'sink_5'): 0, ('sink_5', 'sink_17'): 0, ('sink_17', 'sink_4'): 0, ('sink_17', 'sink_8'): 0, ('sink_3', 'sink_23'): 0, ('sink_8', 'sink_20'): 0, ('sink_25', 'sink_20'): 0, ('sink_25', 'sink_15'): 0, ('sink_15', 'sink_29'): 0, ('sink_29', 'sink_28'): 0, ('sink_29', 'sink_2'): 0, ('sink_2', 'sink_15'): 0, ('sink_29', 'innode_7'): 0, ('innode_4', 'sink_19'): 0, ('sink_19', 'innode_3'): 0, ('innode_4', 'innode_5'): 0, ('sink_27', 'innode_5'): 0, ('sink_27', 'sink_19'): 0, ('sink_10', 'sink_11'): 0, ('sink_10', 'innode_2'): 0, ('sink_10', 'innode_3'): 0, ('innode_6', 'sink_25'): 0, ('sink_11', 'innode_1'): 0, ('sink_19', 'innode_2'): 0, ('source_3', 'innode_4'): 0, ('source_2', 'innode_7'): 0, ('sink_3', 'innode_8'): 0}, 'objVal': 9.87959908088787, 'Runtime': 0.004472970962524414}//2.7073240280151367
GasLib-40,scaled;Enum_Approach;1;{'interdiction': {('source_1', 'sink_3'): 0, ('innode_1', 'sink_16'): 0, ('innode_6', 'sink_13'): 0, ('sink_13', 'sink_14'): 0, ('sink_14', 'sink_10'): 0, ('sink_25', 'sink_26'): 0, ('sink_26', 'sink_9'): 1, ('sink_9', 'sink_18'): 0, ('sink_26', 'sink_4'): 0, ('sink_4', 'sink_20'): 0, ('sink_18', 'sink_6'): 0, ('sink_25', 'innode_8'): 0, ('sink_6', 'sink_7'): 0, ('sink_6', 'sink_22'): 0, ('sink_7', 'sink_24'): 0, ('sink_22', 'sink_1'): 0, ('sink_24', 'sink_21'): 0, ('sink_21', 'sink_12'): 0, ('sink_7', 'sink_5'): 0, ('sink_5', 'sink_17'): 0, ('sink_17', 'sink_4'): 0, ('sink_17', 'sink_8'): 0, ('sink_3', 'sink_23'): 0, ('sink_8', 'sink_20'): 0, ('sink_25', 'sink_20'): 0, ('sink_25', 'sink_15'): 0, ('sink_15', 'sink_29'): 0, ('sink_29', 'sink_28'): 0, ('sink_29', 'sink_2'): 0, ('sink_2', 'sink_15'): 0, ('sink_29', 'innode_7'): 0, ('innode_4', 'sink_19'): 0, ('sink_19', 'innode_3'): 0, ('innode_4', 'innode_5'): 0, ('sink_27', 'innode_5'): 0, ('sink_27', 'sink_19'): 0, ('sink_10', 'sink_11'): 0, ('sink_10', 'innode_2'): 0, ('sink_10', 'innode_3'): 0, ('innode_6', 'sink_25'): 0, ('sink_11', 'innode_1'): 0, ('sink_19', 'innode_2'): 0, ('source_3', 'innode_4'): 0, ('source_2', 'innode_7'): 0, ('sink_3', 'innode_8'): 0}, 'objVal': 51.963000203995634, 'Runtime': 0.008141040802001953}//4.5026209354400635
GasLib-40,scaled;Enum_Approach;2;{'interdiction': {('source_1', 'sink_3'): 0, ('innode_1', 'sink_16'): 0, ('innode_6', 'sink_13'): 0, ('sink_13', 'sink_14'): 0, ('sink_14', 'sink_10'): 0, ('sink_25', 'sink_26'): 1, ('sink_26', 'sink_9'): 0, ('sink_9', 'sink_18'): 0, ('sink_26', 'sink_4'): 1, ('sink_4', 'sink_20'): 0, ('sink_18', 'sink_6'): 0, ('sink_25', 'innode_8'): 0, ('sink_6', 'sink_7'): 0, ('sink_6', 'sink_22'): 0, ('sink_7', 'sink_24'): 0, ('sink_22', 'sink_1'): 0, ('sink_24', 'sink_21'): 0, ('sink_21', 'sink_12'): 0, ('sink_7', 'sink_5'): 0, ('sink_5', 'sink_17'): 0, ('sink_17', 'sink_4'): 0, ('sink_17', 'sink_8'): 0, ('sink_3', 'sink_23'): 0, ('sink_8', 'sink_20'): 0, ('sink_25', 'sink_20'): 0, ('sink_25', 'sink_15'): 0, ('sink_15', 'sink_29'): 0, ('sink_29', 'sink_28'): 0, ('sink_29', 'sink_2'): 0, ('sink_2', 'sink_15'): 0, ('sink_29', 'innode_7'): 0, ('innode_4', 'sink_19'): 0, ('sink_19', 'innode_3'): 0, ('innode_4', 'innode_5'): 0, ('sink_27', 'innode_5'): 0, ('sink_27', 'sink_19'): 0, ('sink_10', 'sink_11'): 0, ('sink_10', 'innode_2'): 0, ('sink_10', 'innode_3'): 0, ('innode_6', 'sink_25'): 0, ('sink_11', 'innode_1'): 0, ('sink_19', 'innode_2'): 0, ('source_3', 'innode_4'): 0, ('source_2', 'innode_7'): 0, ('sink_3', 'innode_8'): 0}, 'objVal': 99.0394084761207, 'Runtime': 0.004652976989746094}//30.8236210346221924
GasLib-40,scaled;Enum_Approach;3;{'interdiction': {('source_1', 'sink_3'): 0, ('innode_1', 'sink_16'): 0, ('innode_6', 'sink_13'): 0, ('sink_13', 'sink_14'): 0, ('sink_14', 'sink_10'): 0, ('sink_25', 'sink_26'): 1, ('sink_26', 'sink_9'): 0, ('sink_9', 'sink_18'): 0, ('sink_26', 'sink_4'): 0, ('sink_4', 'sink_20'): 1, ('sink_18', 'sink_6'): 0, ('sink_25', 'innode_8'): 0, ('sink_6', 'sink_7'): 0, ('sink_6', 'sink_22'): 0, ('sink_7', 'sink_24'): 0, ('sink_22', 'sink_1'): 0, ('sink_24', 'sink_21'): 0, ('sink_21', 'sink_12'): 0, ('sink_7', 'sink_5'): 0, ('sink_5', 'sink_17'): 0, ('sink_17', 'sink_4'): 1, ('sink_17', 'sink_8'): 0, ('sink_3', 'sink_23'): 0, ('sink_8', 'sink_20'): 0, ('sink_25', 'sink_20'): 0, ('sink_25', 'sink_15'): 0, ('sink_15', 'sink_29'): 0, ('sink_29', 'sink_28'): 0, ('sink_29', 'sink_2'): 0, ('sink_2', 'sink_15'): 0, ('sink_29', 'innode_7'): 0, ('innode_4', 'sink_19'): 0, ('sink_19', 'innode_3'): 0, ('innode_4', 'innode_5'): 0, ('sink_27', 'innode_5'): 0, ('sink_27', 'sink_19'): 0, ('sink_10', 'sink_11'): 0, ('sink_10', 'innode_2'): 0, ('sink_10', 'innode_3'): 0, ('innode_6', 'sink_25'): 0, ('sink_11', 'innode_1'): 0, ('sink_19', 'innode_2'): 0, ('source_3', 'innode_4'): 0, ('source_2', 'innode_7'): 0, ('sink_3', 'innode_8'): 0}, 'objVal': 116.38850935556397, 'Runtime': 0.0029129981994628906}//186.1490736007690430
GasLib-40,south-randomExits;Enum_Approach;0;{'interdiction': {('source_1', 'sink_3'): 0, ('innode_1', 'sink_16'): 0, ('innode_6', 'sink_13'): 0, ('sink_13', 'sink_14'): 0, ('sink_14', 'sink_10'): 0, ('sink_25', 'sink_26'): 0, ('sink_26', 'sink_9'): 0, ('sink_9', 'sink_18'): 0, ('sink_26', 'sink_4'): 0, ('sink_4', 'sink_20'): 0, ('sink_18', 'sink_6'): 0, ('sink_25', 'innode_8'): 0, ('sink_6', 'sink_7'): 0, ('sink_6', 'sink_22'): 0, ('sink_7', 'sink_24'): 0, ('sink_22', 'sink_1'): 0, ('sink_24', 'sink_21'): 0, ('sink_21', 'sink_12'): 0, ('sink_7', 'sink_5'): 0, ('sink_5', 'sink_17'): 0, ('sink_17', 'sink_4'): 0, ('sink_17', 'sink_8'): 0, ('sink_3', 'sink_23'): 0, ('sink_8', 'sink_20'): 0, ('sink_25', 'sink_20'): 0, ('sink_25', 'sink_15'): 0, ('sink_15', 'sink_29'): 0, ('sink_29', 'sink_28'): 0, ('sink_29', 'sink_2'): 0, ('sink_2', 'sink_15'): 0, ('sink_29', 'innode_7'): 0, ('innode_4', 'sink_19'): 0, ('sink_19', 'innode_3'): 0, ('innode_4', 'innode_5'): 0, ('sink_27', 'innode_5'): 0, ('sink_27', 'sink_19'): 0, ('sink_10', 'sink_11'): 0, ('sink_10', 'innode_2'): 0, ('sink_10', 'innode_3'): 0, ('innode_6', 'sink_25'): 0, ('sink_11', 'innode_1'): 0, ('sink_19', 'innode_2'): 0, ('source_3', 'innode_4'): 0, ('source_2', 'innode_7'): 0, ('sink_3', 'innode_8'): 0}, 'objVal': 1.3743884973676612, 'Runtime': 0.005285978317260742}//2.3572020530700684
GasLib-40,south-randomExits;Enum_Approach;1;{'interdiction': {('source_1', 'sink_3'): 0, ('innode_1', 'sink_16'): 0, ('innode_6', 'sink_13'): 0, ('sink_13', 'sink_14'): 0, ('sink_14', 'sink_10'): 0, ('sink_25', 'sink_26'): 0, ('sink_26', 'sink_9'): 1, ('sink_9', 'sink_18'): 0, ('sink_26', 'sink_4'): 0, ('sink_4', 'sink_20'): 0, ('sink_18', 'sink_6'): 0, ('sink_25', 'innode_8'): 0, ('sink_6', 'sink_7'): 0, ('sink_6', 'sink_22'): 0, ('sink_7', 'sink_24'): 0, ('sink_22', 'sink_1'): 0, ('sink_24', 'sink_21'): 0, ('sink_21', 'sink_12'): 0, ('sink_7', 'sink_5'): 0, ('sink_5', 'sink_17'): 0, ('sink_17', 'sink_4'): 0, ('sink_17', 'sink_8'): 0, ('sink_3', 'sink_23'): 0, ('sink_8', 'sink_20'): 0, ('sink_25', 'sink_20'): 0, ('sink_25', 'sink_15'): 0, ('sink_15', 'sink_29'): 0, ('sink_29', 'sink_28'): 0, ('sink_29', 'sink_2'): 0, ('sink_2', 'sink_15'): 0, ('sink_29', 'innode_7'): 0, ('innode_4', 'sink_19'): 0, ('sink_19', 'innode_3'): 0, ('innode_4', 'innode_5'): 0, ('sink_27', 'innode_5'): 0, ('sink_27', 'sink_19'): 0, ('sink_10', 'sink_11'): 0, ('sink_10', 'innode_2'): 0, ('sink_10', 'innode_3'): 0, ('innode_6', 'sink_25'): 0, ('sink_11', 'innode_1'): 0, ('sink_19', 'innode_2'): 0, ('source_3', 'innode_4'): 0, ('source_2', 'innode_7'): 0, ('sink_3', 'innode_8'): 0}, 'objVal': 58.87797733066952, 'Runtime': 0.003896951675415039}//3.4606504440307617
GasLib-40,south-randomExits;Enum_Approach;2;{'interdiction': {('source_1', 'sink_3'): 0, ('innode_1', 'sink_16'): 0, ('innode_6', 'sink_13'): 0, ('sink_13', 'sink_14'): 0, ('sink_14', 'sink_10'): 0, ('sink_25', 'sink_26'): 1, ('sink_26', 'sink_9'): 0, ('sink_9', 'sink_18'): 0, ('sink_26', 'sink_4'): 1, ('sink_4', 'sink_20'): 0, ('sink_18', 'sink_6'): 0, ('sink_25', 'innode_8'): 0, ('sink_6', 'sink_7'): 0, ('sink_6', 'sink_22'): 0, ('sink_7', 'sink_24'): 0, ('sink_22', 'sink_1'): 0, ('sink_24', 'sink_21'): 0, ('sink_21', 'sink_12'): 0, ('sink_7', 'sink_5'): 0, ('sink_5', 'sink_17'): 0, ('sink_17', 'sink_4'): 0, ('sink_17', 'sink_8'): 0, ('sink_3', 'sink_23'): 0, ('sink_8', 'sink_20'): 0, ('sink_25', 'sink_20'): 0, ('sink_25', 'sink_15'): 0, ('sink_15', 'sink_29'): 0, ('sink_29', 'sink_28'): 0, ('sink_29', 'sink_2'): 0, ('sink_2', 'sink_15'): 0, ('sink_29', 'innode_7'): 0, ('innode_4', 'sink_19'): 0, ('sink_19', 'innode_3'): 0, ('innode_4', 'innode_5'): 0, ('sink_27', 'innode_5'): 0, ('sink_27', 'sink_19'): 0, ('sink_10', 'sink_11'): 0, ('sink_10', 'innode_2'): 0, ('sink_10', 'innode_3'): 0, ('innode_6', 'sink_25'): 0, ('sink_11', 'innode_1'): 0, ('sink_19', 'innode_2'): 0, ('source_3', 'innode_4'): 0, ('source_2', 'innode_7'): 0, ('sink_3', 'innode_8'): 0}, 'objVal': 90.66302273803994, 'Runtime': 0.0027620792388916016}//20.1960878372192383
GasLib-40,south-randomExits;Enum_Approach;3;{'interdiction': {('source_1', 'sink_3'): 0, ('innode_1', 'sink_16'): 0, ('innode_6', 'sink_13'): 0, ('sink_13', 'sink_14'): 0, ('sink_14', 'sink_10'): 0, ('sink_25', 'sink_26'): 1, ('sink_26', 'sink_9'): 0, ('sink_9', 'sink_18'): 0, ('sink_26', 'sink_4'): 0, ('sink_4', 'sink_20'): 1, ('sink_18', 'sink_6'): 0, ('sink_25', 'innode_8'): 0, ('sink_6', 'sink_7'): 0, ('sink_6', 'sink_22'): 0, ('sink_7', 'sink_24'): 0, ('sink_22', 'sink_1'): 0, ('sink_24', 'sink_21'): 0, ('sink_21', 'sink_12'): 0, ('sink_7', 'sink_5'): 0, ('sink_5', 'sink_17'): 0, ('sink_17', 'sink_4'): 1, ('sink_17', 'sink_8'): 0, ('sink_3', 'sink_23'): 0, ('sink_8', 'sink_20'): 0, ('sink_25', 'sink_20'): 0, ('sink_25', 'sink_15'): 0, ('sink_15', 'sink_29'): 0, ('sink_29', 'sink_28'): 0, ('sink_29', 'sink_2'): 0, ('sink_2', 'sink_15'): 0, ('sink_29', 'innode_7'): 0, ('innode_4', 'sink_19'): 0, ('sink_19', 'innode_3'): 0, ('innode_4', 'innode_5'): 0, ('sink_27', 'innode_5'): 0, ('sink_27', 'sink_19'): 0, ('sink_10', 'sink_11'): 0, ('sink_10', 'innode_2'): 0, ('sink_10', 'innode_3'): 0, ('innode_6', 'sink_25'): 0, ('sink_11', 'innode_1'): 0, ('sink_19', 'innode_2'): 0, ('source_3', 'innode_4'): 0, ('source_2', 'innode_7'): 0, ('sink_3', 'innode_8'): 0}, 'objVal': 117.2128902234769, 'Runtime': 0.0027141571044921875}//179.4076635837554932
GasLib-40,south;Enum_Approach;0;{'interdiction': {('source_1', 'sink_3'): 0, ('innode_1', 'sink_16'): 0, ('innode_6', 'sink_13'): 0, ('sink_13', 'sink_14'): 0, ('sink_14', 'sink_10'): 0, ('sink_25', 'sink_26'): 0, ('sink_26', 'sink_9'): 0, ('sink_9', 'sink_18'): 0, ('sink_26', 'sink_4'): 0, ('sink_4', 'sink_20'): 0, ('sink_18', 'sink_6'): 0, ('sink_25', 'innode_8'): 0, ('sink_6', 'sink_7'): 0, ('sink_6', 'sink_22'): 0, ('sink_7', 'sink_24'): 0, ('sink_22', 'sink_1'): 0, ('sink_24', 'sink_21'): 0, ('sink_21', 'sink_12'): 0, ('sink_7', 'sink_5'): 0, ('sink_5', 'sink_17'): 0, ('sink_17', 'sink_4'): 0, ('sink_17', 'sink_8'): 0, ('sink_3', 'sink_23'): 0, ('sink_8', 'sink_20'): 0, ('sink_25', 'sink_20'): 0, ('sink_25', 'sink_15'): 0, ('sink_15', 'sink_29'): 0, ('sink_29', 'sink_28'): 0, ('sink_29', 'sink_2'): 0, ('sink_2', 'sink_15'): 0, ('sink_29', 'innode_7'): 0, ('innode_4', 'sink_19'): 0, ('sink_19', 'innode_3'): 0, ('innode_4', 'innode_5'): 0, ('sink_27', 'innode_5'): 0, ('sink_27', 'sink_19'): 0, ('sink_10', 'sink_11'): 0, ('sink_10', 'innode_2'): 0, ('sink_10', 'innode_3'): 0, ('innode_6', 'sink_25'): 0, ('sink_11', 'innode_1'): 0, ('sink_19', 'innode_2'): 0, ('source_3', 'innode_4'): 0, ('source_2', 'innode_7'): 0, ('sink_3', 'innode_8'): 0}, 'objVal': 9.931052781254753, 'Runtime': 0.003854036331176758}//2.6439406871795654
GasLib-40,south;Enum_Approach;1;{'interdiction': {('source_1', 'sink_3'): 0, ('innode_1', 'sink_16'): 0, ('innode_6', 'sink_13'): 0, ('sink_13', 'sink_14'): 0, ('sink_14', 'sink_10'): 0, ('sink_25', 'sink_26'): 0, ('sink_26', 'sink_9'): 1, ('sink_9', 'sink_18'): 0, ('sink_26', 'sink_4'): 0, ('sink_4', 'sink_20'): 0, ('sink_18', 'sink_6'): 0, ('sink_25', 'innode_8'): 0, ('sink_6', 'sink_7'): 0, ('sink_6', 'sink_22'): 0, ('sink_7', 'sink_24'): 0, ('sink_22', 'sink_1'): 0, ('sink_24', 'sink_21'): 0, ('sink_21', 'sink_12'): 0, ('sink_7', 'sink_5'): 0, ('sink_5', 'sink_17'): 0, ('sink_17', 'sink_4'): 0, ('sink_17', 'sink_8'): 0, ('sink_3', 'sink_23'): 0, ('sink_8', 'sink_20'): 0, ('sink_25', 'sink_20'): 0, ('sink_25', 'sink_15'): 0, ('sink_15', 'sink_29'): 0, ('sink_29', 'sink_28'): 0, ('sink_29', 'sink_2'): 0, ('sink_2', 'sink_15'): 0, ('sink_29', 'innode_7'): 0, ('innode_4', 'sink_19'): 0, ('sink_19', 'innode_3'): 0, ('innode_4', 'innode_5'): 0, ('sink_27', 'innode_5'): 0, ('sink_27', 'sink_19'): 0, ('sink_10', 'sink_11'): 0, ('sink_10', 'innode_2'): 0, ('sink_10', 'innode_3'): 0, ('innode_6', 'sink_25'): 0, ('sink_11', 'innode_1'): 0, ('sink_19', 'innode_2'): 0, ('source_3', 'innode_4'): 0, ('source_2', 'innode_7'): 0, ('sink_3', 'innode_8'): 0}, 'objVal': 52.10628950677305, 'Runtime': 0.0027358531951904297}//3.8561193943023682
GasLib-40,south;Enum_Approach;2;{'interdiction': {('source_1', 'sink_3'): 0, ('innode_1', 'sink_16'): 0, ('innode_6', 'sink_13'): 0, ('sink_13', 'sink_14'): 0, ('sink_14', 'sink_10'): 0, ('sink_25', 'sink_26'): 1, ('sink_26', 'sink_9'): 0, ('sink_9', 'sink_18'): 0, ('sink_26', 'sink_4'): 1, ('sink_4', 'sink_20'): 0, ('sink_18', 'sink_6'): 0, ('sink_25', 'innode_8'): 0, ('sink_6', 'sink_7'): 0, ('sink_6', 'sink_22'): 0, ('sink_7', 'sink_24'): 0, ('sink_22', 'sink_1'): 0, ('sink_24', 'sink_21'): 0, ('sink_21', 'sink_12'): 0, ('sink_7', 'sink_5'): 0, ('sink_5', 'sink_17'): 0, ('sink_17', 'sink_4'): 0, ('sink_17', 'sink_8'): 0, ('sink_3', 'sink_23'): 0, ('sink_8', 'sink_20'): 0, ('sink_25', 'sink_20'): 0, ('sink_25', 'sink_15'): 0, ('sink_15', 'sink_29'): 0, ('sink_29', 'sink_28'): 0, ('sink_29', 'sink_2'): 0, ('sink_2', 'sink_15'): 0, ('sink_29', 'innode_7'): 0, ('innode_4', 'sink_19'): 0, ('sink_19', 'innode_3'): 0, ('innode_4', 'innode_5'): 0, ('sink_27', 'innode_5'): 0, ('sink_27', 'sink_19'): 0, ('sink_10', 'sink_11'): 0, ('sink_10', 'innode_2'): 0, ('sink_10', 'innode_3'): 0, ('innode_6', 'sink_25'): 0, ('sink_11', 'innode_1'): 0, ('sink_19', 'innode_2'): 0, ('source_3', 'innode_4'): 0, ('source_2', 'innode_7'): 0, ('sink_3', 'innode_8'): 0}, 'objVal': 99.21490237332074, 'Runtime': 0.0043201446533203125}//20.4303791522979736
GasLib-40,south;Enum_Approach;3;{'interdiction': {('source_1', 'sink_3'): 0, ('innode_1', 'sink_16'): 0, ('innode_6', 'sink_13'): 0, ('sink_13', 'sink_14'): 0, ('sink_14', 'sink_10'): 0, ('sink_25', 'sink_26'): 1, ('sink_26', 'sink_9'): 0, ('sink_9', 'sink_18'): 0, ('sink_26', 'sink_4'): 0, ('sink_4', 'sink_20'): 1, ('sink_18', 'sink_6'): 0, ('sink_25', 'innode_8'): 0, ('sink_6', 'sink_7'): 0, ('sink_6', 'sink_22'): 0, ('sink_7', 'sink_24'): 0, ('sink_22', 'sink_1'): 0, ('sink_24', 'sink_21'): 0, ('sink_21', 'sink_12'): 0, ('sink_7', 'sink_5'): 0, ('sink_5', 'sink_17'): 0, ('sink_17', 'sink_4'): 1, ('sink_17', 'sink_8'): 0, ('sink_3', 'sink_23'): 0, ('sink_8', 'sink_20'): 0, ('sink_25', 'sink_20'): 0, ('sink_25', 'sink_15'): 0, ('sink_15', 'sink_29'): 0, ('sink_29', 'sink_28'): 0, ('sink_29', 'sink_2'): 0, ('sink_2', 'sink_15'): 0, ('sink_29', 'innode_7'): 0, ('innode_4', 'sink_19'): 0, ('sink_19', 'innode_3'): 0, ('innode_4', 'innode_5'): 0, ('sink_27', 'innode_5'): 0, ('sink_27', 'sink_19'): 0, ('sink_10', 'sink_11'): 0, ('sink_10', 'innode_2'): 0, ('sink_10', 'innode_3'): 0, ('innode_6', 'sink_25'): 0, ('sink_11', 'innode_1'): 0, ('sink_19', 'innode_2'): 0, ('source_3', 'innode_4'): 0, ('source_2', 'innode_7'): 0, ('sink_3', 'innode_8'): 0}, 'objVal': 116.57508613504588, 'Runtime': 0.003473043441772461}//178.6444594860076904
GasLib-40,;Enum_Approach;0;None//2.5175976753234863
GasLib-40,;Enum_Approach;1;None//2.5289344787597656
GasLib-40,;Enum_Approach;2;None//2.6213955879211426
GasLib-40,;Enum_Approach;3;None//2.6435105800628662
